prediction_label,prediction_score
1,0.7620070052984426
1,0.7630955879672737
1,0.7630955879672737
1,0.7630955879672737
1,0.7630955879672737
1,0.7630955879672737
1,0.7630955879672737
1,0.7630955879672737
1,0.7630955879672737
1,0.7630955879672737
1,0.7630955879672737
1,0.7630955879672737
1,0.7630955879672737
0,0.4120619407464215
0,0.24928720371882
0,0.24928720371882
0,0.24928720371882
0,0.24928720371882
0,0.24928720371882
0,0.24928720371882
0,0.24928720371882
0,0.24928720371882
0,0.24928720371882
0,0.24928720371882
0,0.24928720371882
0,0.24928720371882
0,0.24928720371882
0,0.24928720371882
1,0.5239206961196031
0,0.24928720371882
0,0.24928720371882
0,0.24928720371882
0,0.24928720371882
1,0.741222491314064
0,0.3311474191383972
0,0.24928720371882
1,0.7430770065355726
1,0.7630955879672737
0,0.24928720371882
0,0.24928720371882
0,0.3414557784412312
1,0.6992409006484563
0,0.4822281325436672
0,0.3311474191383972
0,0.3311474191383972
0,0.4743627679059135
1,0.7630955879672737
1,0.7630955879672737
1,0.7630955879672737
1,0.7630955879672737
1,0.7630955879672737
1,0.7630955879672737
1,0.7630955879672737
1,0.7630955879672737
1,0.7630955879672737
1,0.7630955879672737
1,0.7630955879672737
1,0.7630955879672737
1,0.7630955879672737
1,0.7630955879672737
1,0.7630955879672737
1,0.7630955879672737
1,0.7630955879672737
1,0.7630955879672737
1,0.7630955879672737
1,0.7630955879672737
1,0.7630955879672737
1,0.7630955879672737
1,0.760741120070466
0,0.3904030210900436
1,0.6859304118238697
0,0.3203919178418271
0,0.3428074420574781
0,0.4407905972477771
1,0.5246944644817529
1,0.7382829428385373
1,0.6777571060907502
0,0.4401549666010029
0,0.24928720371882
0,0.24928720371882
0,0.24928720371882
1,0.741222491314064
0,0.24928720371882
0,0.3311474191383972
1,0.7217562754920296
1,0.7630955879672737
1,0.7630955879672737
1,0.7630955879672737
1,0.7630955879672737
1,0.7630955879672737
0,0.327235920460111
0,0.24928720371882
0,0.24928720371882
0,0.24928720371882
0,0.24928720371882
0,0.24928720371882
0,0.24928720371882
0,0.24928720371882
0,0.24928720371882
0,0.24928720371882
0,0.24928720371882
0,0.24928720371882
0,0.24928720371882
0,0.24928720371882
0,0.24928720371882
0,0.24928720371882
0,0.24928720371882
0,0.24928720371882
0,0.24928720371882
0,0.378428026642849
1,0.7149348962122503
1,0.5784109846342549
1,0.5247120265904069
0,0.3593630111464629
1,0.5247120265904069
1,0.7605568276094831
1,0.7630955879672737
0,0.4120619407464215
0,0.24928720371882
0,0.24928720371882
0,0.24928720371882
0,0.24928720371882
0,0.24928720371882
1,0.7630955879672737
0,0.24928720371882
1,0.5069472110386344
1,0.5069472110386344
0,0.3414557784412312
0,0.4407905972477771
0,0.4407905972477771
0,0.3170062523586966
0,0.3593630111464629
0,0.24928720371882
1,0.7194958226555862
1,0.7194958226555862
1,0.5784109846342549
1,0.6596507050509972
1,0.7385462640296188
1,0.7650669900515622
1,0.7650669900515622
1,0.7630955879672737
1,0.7385462640296188
1,0.7056692257600379
0,0.3593630111464629
1,0.7650669900515622
1,0.760741120070466
1,0.7588023528507692
0,0.3593630111464629
1,0.7541037943174044
0,0.4120619407464215
0,0.4120619407464215
1,0.7630955879672737
1,0.7630955879672737
1,0.7630955879672737
1,0.7630955879672737
1,0.7630955879672737
1,0.7630955879672737
1,0.7630955879672737
1,0.7630955879672737
1,0.7630955879672737
1,0.7630955879672737
1,0.7630955879672737
1,0.7630955879672737
1,0.7630955879672737
1,0.7630955879672737
1,0.7630955879672737
1,0.7630955879672737
1,0.7630955879672737
1,0.7630955879672737
1,0.7630955879672737
1,0.7630955879672737
1,0.7630955879672737
1,0.7630955879672737
1,0.7630955879672737
1,0.7630955879672737
1,0.7630955879672737
1,0.7630955879672737
1,0.7630955879672737
1,0.7630955879672737
1,0.7630955879672737
1,0.7630955879672737
1,0.7630955879672737
1,0.7630955879672737
1,0.7630955879672737
1,0.7630955879672737
1,0.7630955879672737
1,0.7630955879672737
1,0.7630955879672737
1,0.7630955879672737
1,0.7630955879672737
0,0.4680172717744666
0,0.4442310464398788
0,0.24928720371882
0,0.24928720371882
1,0.7149348962122503
1,0.7605568276094831
1,0.7630955879672737
1,0.7630955879672737
0,0.24928720371882
0,0.24928720371882
0,0.24928720371882
0,0.24928720371882
0,0.24928720371882
0,0.24928720371882
0,0.24928720371882
0,0.24928720371882
0,0.24928720371882
0,0.24928720371882
0,0.24928720371882
0,0.24928720371882
0,0.24928720371882
0,0.24928720371882
0,0.24928720371882
0,0.24928720371882
0,0.24928720371882
0,0.24928720371882
0,0.24928720371882
0,0.24928720371882
0,0.24928720371882
0,0.24928720371882
0,0.24928720371882
0,0.24928720371882
0,0.24928720371882
0,0.24928720371882
0,0.24928720371882
0,0.24928720371882
0,0.24928720371882
0,0.24928720371882
0,0.24928720371882
1,0.7238159981338
1,0.6856641643979746
1,0.7166094964307054
0,0.3781079802660074
0,0.24928720371882
1,0.7166094964307054
0,0.4328165515984375
0,0.4120619407464215
0,0.24928720371882
0,0.4328165515984375
0,0.4328165515984375
1,0.725411336272788
1,0.7630955879672737
1,0.7630955879672737
1,0.7117179714683831
1,0.7630955879672737
1,0.7630955879672737
1,0.7620070052984426
1,0.7630955879672737
1,0.7630955879672737
1,0.7630955879672737
1,0.7630955879672737
1,0.7630955879672737
1,0.7630955879672737
1,0.7630955879672737
1,0.7630955879672737
1,0.7630955879672737
1,0.7630955879672737
1,0.7630955879672737
1,0.7630955879672737
1,0.7630955879672737
1,0.7630955879672737
1,0.7630955879672737
1,0.7630955879672737
1,0.7630955879672737
1,0.7630955879672737
1,0.7630955879672737
1,0.7630955879672737
1,0.7630955879672737
1,0.7605568276094831
1,0.7630955879672737
1,0.7630955879672737
1,0.7630955879672737
1,0.6446248707431269
1,0.6163242837398981
0,0.4120619407464215
0,0.3311474191383972
1,0.6212768598869974
0,0.24928720371882
0,0.24928720371882
0,0.24928720371882
0,0.24928720371882
0,0.24928720371882
0,0.24928720371882
0,0.24928720371882
0,0.24928720371882
0,0.24928720371882
0,0.24928720371882
0,0.24928720371882
1,0.7630955879672737
1,0.7630955879672737
1,0.7238159981338
1,0.7238159981338
1,0.7238159981338
0,0.4127302752398094
1,0.7630955879672737
1,0.7630955879672737
1,0.7630955879672737
1,0.7605568276094831
0,0.24928720371882
0,0.4325980222556658
0,0.24928720371882
1,0.7238159981338
0,0.3484913403042885
0,0.4325980222556658
1,0.7605568276094831
1,0.6376458177587332
0,0.3484913403042885
0,0.3484913403042885
0,0.4325980222556658
0,0.24928720371882
0,0.24928720371882
0,0.3484913403042885
1,0.7238159981338
1,0.7605568276094831
1,0.7620070052984426
1,0.7605568276094831
1,0.7630955879672737
1,0.7605568276094831
1,0.7605568276094831
0,0.24928720371882
1,0.7098914554945147
1,0.7440324885345703
0,0.4328165515984375
1,0.7440324885345703
0,0.4328165515984375
0,0.24928720371882
1,0.7630955879672737
1,0.7630955879672737
1,0.7630955879672737
1,0.7630955879672737
1,0.7630955879672737
1,0.7630955879672737
1,0.7630955879672737
1,0.7630955879672737
1,0.7630955879672737
1,0.7630955879672737
1,0.7630955879672737
1,0.7630955879672737
1,0.7630955879672737
1,0.7630955879672737
1,0.7630955879672737
1,0.7630955879672737
1,0.7630955879672737
1,0.7630955879672737
1,0.7630955879672737
1,0.7630955879672737
1,0.7630955879672737
1,0.7630955879672737
1,0.7630955879672737
1,0.7630955879672737
1,0.7630955879672737
1,0.7630955879672737
1,0.7630955879672737
1,0.7630955879672737
1,0.7630955879672737
1,0.7630955879672737
1,0.7630955879672737
1,0.7630955879672737
1,0.7630955879672737
1,0.7630955879672737
1,0.7630955879672737
1,0.7630955879672737
1,0.7630955879672737
1,0.7630955879672737
1,0.7630955879672737
1,0.7630955879672737
1,0.7630955879672737
1,0.7630955879672737
1,0.7630955879672737
1,0.7630955879672737
1,0.7630955879672737
1,0.7630955879672737
1,0.7630955879672737
1,0.7630955879672737
1,0.7630955879672737
1,0.7630955879672737
1,0.7630955879672737
1,0.7630955879672737
1,0.7630955879672737
1,0.7630955879672737
0,0.2820891429126442
0,0.2820891429126442
1,0.7630955879672737
1,0.7630955879672737
1,0.7630955879672737
1,0.7630955879672737
1,0.7630955879672737
0,0.4388921742181789
1,0.7630955879672737
0,0.3141874137290504
0,0.2820891429126442
0,0.2471720307928622
1,0.7630955879672737
1,0.7630955879672737
1,0.7630955879672737
1,0.762621330821214
0,0.24928720371882
0,0.24928720371882
0,0.4452417182781374
1,0.7605568276094831
1,0.728805866995895
1,0.728805866995895
1,0.7662254316286828
0,0.4188527777235973
1,0.7630955879672737
1,0.7630955879672737
0,0.423176578531598
1,0.7605568276094831
1,0.7605568276094831
1,0.7630955879672737
1,0.7630955879672737
1,0.7630955879672737
1,0.7630955879672737
1,0.7630955879672737
1,0.7630955879672737
1,0.7630955879672737
1,0.7630955879672737
1,0.7630955879672737
1,0.7630955879672737
1,0.7630955879672737
1,0.7630955879672737
1,0.7630955879672737
1,0.7630955879672737
1,0.7630955879672737
1,0.7605568276094831
0,0.2470049364462531
0,0.24928720371882
0,0.24928720371882
0,0.250067596869729
1,0.753992144191564
1,0.753992144191564
1,0.7630955879672737
1,0.7620070052984426
0,0.3411895263703062
0,0.2993418750606827
0,0.2910163876844497
0,0.3164796439618351
1,0.7662254316286828
1,0.7630955879672737
1,0.7630955879672737
1,0.7605568276094831
1,0.7630955879672737
1,0.7630955879672737
1,0.7630955879672737
1,0.7630955879672737
1,0.7630955879672737
1,0.7630955879672737
1,0.6735426191804528
0,0.3232300216594272
0,0.24928720371882
0,0.24928720371882
0,0.24928720371882
0,0.24928720371882
0,0.24928720371882
0,0.24928720371882
0,0.24928720371882
1,0.760858943352653
1,0.760858943352653
0,0.2739918732054183
1,0.7630955879672737
1,0.7630955879672737
1,0.7605568276094831
0,0.2470049364462531
1,0.5849726936658236
0,0.4908941178525103
0,0.2470049364462531
0,0.2470049364462531
1,0.7620070052984426
0,0.2537190409823649
0,0.3608083526535099
0,0.24928720371882
0,0.24928720371882
0,0.24928720371882
0,0.24928720371882
0,0.24928720371882
0,0.24928720371882
0,0.2471720307928622
1,0.760858943352653
1,0.760858943352653
0,0.24928720371882
0,0.24928720371882
0,0.24928720371882
0,0.3209978849966599
0,0.2797025825678876
1,0.7619673307368107
1,0.7649266975111823
1,0.7649266975111823
1,0.6929987422379827
1,0.7630955879672737
1,0.7630955879672737
0,0.2471720307928622
0,0.24928720371882
0,0.2470049364462531
0,0.24928720371882
0,0.4778723151584143
0,0.24928720371882
0,0.2558663088090155
0,0.2505624107049226
0,0.24928720371882
1,0.7662254316286828
1,0.7630955879672737
0,0.2470049364462531
0,0.3908635634052367
0,0.2471720307928622
0,0.24928720371882
1,0.753992144191564
1,0.7649266975111823
1,0.7630955879672737
0,0.24928720371882
0,0.2558663088090155
0,0.3211853568866397
1,0.7630955879672737
1,0.7605568276094831
0,0.4395719134710218
0,0.2582883994137973
0,0.2471720307928622
0,0.24928720371882
0,0.24928720371882
0,0.24928720371882
0,0.24928720371882
0,0.24928720371882
0,0.24928720371882
0,0.24928720371882
0,0.24928720371882
0,0.24928720371882
0,0.24928720371882
0,0.24928720371882
0,0.3164796439618351
1,0.7619673307368107
1,0.7619673307368107
0,0.3436934059767839
1,0.7619673307368107
0,0.24928720371882
0,0.24928720371882
0,0.24928720371882
0,0.24928720371882
0,0.24928720371882
0,0.24928720371882
0,0.24928720371882
0,0.24928720371882
0,0.24928720371882
0,0.24928720371882
0,0.24928720371882
0,0.24928720371882
0,0.24928720371882
0,0.24928720371882
0,0.24928720371882
0,0.24928720371882
0,0.24928720371882
0,0.24928720371882
1,0.7649266975111823
1,0.7649266975111823
0,0.24928720371882
0,0.24928720371882
0,0.24928720371882
0,0.250317588566586
1,0.7649266975111823
0,0.24928720371882
0,0.2582883994137973
1,0.5618102081168264
0,0.44157391409549
0,0.24928720371882
0,0.24928720371882
0,0.24928720371882
1,0.741222491314064
1,0.741222491314064
1,0.7630955879672737
1,0.7630955879672737
1,0.7630955879672737
0,0.4393621101690081
1,0.7427799328536274
1,0.7630955879672737
0,0.2470049364462531
0,0.24928720371882
0,0.24928720371882
0,0.24928720371882
0,0.24928720371882
0,0.24928720371882
0,0.24928720371882
0,0.24928720371882
0,0.24928720371882
0,0.24928720371882
0,0.24928720371882
0,0.24928720371882
0,0.24928720371882
0,0.24928720371882
0,0.4612106164646608
0,0.2766796531740059
0,0.24928720371882
0,0.2471720307928622
0,0.24928720371882
0,0.24928720371882
0,0.24928720371882
0,0.24928720371882
0,0.24928720371882
0,0.24928720371882
0,0.24928720371882
0,0.24928720371882
0,0.24928720371882
0,0.24928720371882
0,0.24928720371882
0,0.24928720371882
0,0.24928720371882
0,0.24928720371882
0,0.24928720371882
0,0.4818611221825614
0,0.2582883994137973
0,0.24928720371882
0,0.24928720371882
0,0.24928720371882
0,0.24928720371882
0,0.24928720371882
0,0.24928720371882
0,0.24928720371882
1,0.5656919075000809
0,0.24928720371882
0,0.24928720371882
0,0.24928720371882
0,0.2471720307928622
1,0.741222491314064
0,0.24928720371882
1,0.741222491314064
1,0.741222491314064
1,0.6181304433022973
1,0.760741120070466
0,0.4328165515984375
0,0.24928720371882
0,0.24928720371882
0,0.24928720371882
0,0.24928720371882
1,0.5481397558281335
1,0.7588023528507692
1,0.7630955879672737
1,0.7630955879672737
1,0.7630955879672737
1,0.7630955879672737
1,0.7630955879672737
1,0.7630955879672737
1,0.7630955879672737
1,0.7630955879672737
1,0.7630955879672737
1,0.7630955879672737
1,0.7630955879672737
1,0.7630955879672737
1,0.7630955879672737
1,0.7630955879672737
1,0.7630955879672737
1,0.6919083358742127
1,0.7630955879672737
1,0.7630955879672737
1,0.7605568276094831
1,0.7605568276094831
1,0.7630955879672737
1,0.7630955879672737
1,0.7630955879672737
1,0.7630955879672737
1,0.7630955879672737
1,0.7630955879672737
1,0.7630955879672737
1,0.7630955879672737
0,0.3277106050362166
0,0.24928720371882
0,0.24928720371882
1,0.7605568276094831
1,0.7630955879672737
1,0.7630955879672737
1,0.7630955879672737
1,0.7630955879672737
1,0.7630955879672737
1,0.7630955879672737
1,0.7022095755428696
0,0.2749195125634764
0,0.24928720371882
0,0.24928720371882
0,0.24928720371882
0,0.24928720371882
1,0.5070030715525989
0,0.3978522852205573
0,0.3816885703683492
0,0.24928720371882
0,0.24928720371882
0,0.24928720371882
0,0.24928720371882
1,0.6998778320099238
0,0.4235358661254878
1,0.7069113156166575
1,0.7630955879672737
1,0.7630955879672737
1,0.7630955879672737
1,0.7630955879672737
1,0.7630955879672737
1,0.7630955879672737
1,0.7630955879672737
1,0.7630955879672737
1,0.7630955879672737
1,0.7630955879672737
1,0.7630955879672737
1,0.7630955879672737
1,0.7630955879672737
1,0.7630955879672737
1,0.7630955879672737
1,0.7630955879672737
1,0.7630955879672737
1,0.7630955879672737
1,0.5374762722145864
1,0.6879970041875588
0,0.2581908574050245
0,0.2581908574050245
0,0.24928720371882
0,0.24928720371882
0,0.24928720371882
0,0.24928720371882
0,0.24928720371882
0,0.250067596869729
1,0.7368856466795843
1,0.7399770273093403
1,0.7211585612410307
1,0.7257347848455549
1,0.7382829428385373
1,0.7486300432798207
1,0.7630955879672737
1,0.7630955879672737
1,0.7630955879672737
1,0.7630955879672737
1,0.7650669900515622
1,0.7650669900515622
1,0.729297056335613
0,0.3010973804435011
0,0.24928720371882
0,0.24928720371882
0,0.24928720371882
0,0.24928720371882
0,0.24928720371882
0,0.24928720371882
0,0.24928720371882
0,0.24928720371882
0,0.24928720371882
0,0.24928720371882
1,0.5379377249185082
1,0.7194958226555862
0,0.24928720371882
0,0.24928720371882
0,0.2656245712990132
0,0.3986126319249785
1,0.5618102081168264
0,0.3986126319249785
1,0.7364218215577003
1,0.5618102081168264
1,0.7194958226555862
0,0.24928720371882
0,0.24928720371882
0,0.24928720371882
1,0.760741120070466
1,0.7630955879672737
1,0.7630955879672737
1,0.7630955879672737
1,0.7630955879672737
1,0.7650669900515622
0,0.24928720371882
1,0.6816756339711136
0,0.24928720371882
0,0.3212284739424705
1,0.7382829428385373
0,0.2656245712990132
0,0.2736454141596638
0,0.2994263848537639
0,0.24928720371882
0,0.287225123117504
1,0.7605568276094831
1,0.7382829428385373
1,0.6938463837918254
1,0.637220236923971
1,0.7630955879672737
1,0.7605568276094831
1,0.7158685842748431
1,0.6798153433903358
1,0.7209195038533932
1,0.7052630844715664
0,0.24928720371882
0,0.24928720371882
0,0.24928720371882
0,0.24928720371882
0,0.24928720371882
0,0.24928720371882
0,0.24928720371882
0,0.24928720371882
0,0.24928720371882
0,0.24928720371882
0,0.24928720371882
0,0.24928720371882
0,0.24928720371882
0,0.24928720371882
0,0.24928720371882
1,0.564912231064027
1,0.7385462640296188
1,0.564912231064027
1,0.5656746062311413
1,0.7630955879672737
1,0.7630955879672737
1,0.7630955879672737
1,0.7630955879672737
1,0.7630955879672737
1,0.7630955879672737
1,0.7630955879672737
1,0.7630955879672737
1,0.7630955879672737
1,0.7630955879672737
1,0.7630955879672737
1,0.7630955879672737
1,0.7630955879672737
1,0.7630955879672737
1,0.7630955879672737
1,0.7630955879672737
1,0.7630955879672737
1,0.7630955879672737
0,0.2537190409823649
0,0.4819790459120603
0,0.2513982801144864
1,0.7630955879672737
1,0.760741120070466
1,0.760741120070466
0,0.2537190409823649
0,0.4137509567147754
0,0.24928720371882
0,0.24928720371882
0,0.24928720371882
0,0.24928720371882
1,0.5247501992759114
0,0.24928720371882
0,0.24928720371882
0,0.24928720371882
0,0.24928720371882
0,0.24928720371882
0,0.24928720371882
0,0.24928720371882
0,0.3212284739424705
1,0.7194958226555862
1,0.7630955879672737
1,0.7630955879672737
1,0.7630955879672737
1,0.7630955879672737
1,0.7630955879672737
1,0.7630955879672737
1,0.7630955879672737
1,0.6032130421880012
0,0.2581908574050245
1,0.6161397121040146
1,0.7630955879672737
0,0.2470049364462531
0,0.2656245712990132
0,0.2819061533314733
1,0.7630955879672737
1,0.7605568276094831
1,0.7630955879672737
1,0.7630955879672737
1,0.7630955879672737
1,0.7630955879672737
1,0.7630955879672737
1,0.7630955879672737
1,0.7630955879672737
1,0.7630955879672737
1,0.7630955879672737
1,0.7630955879672737
1,0.7630955879672737
1,0.7630955879672737
1,0.7630955879672737
1,0.7630955879672737
1,0.7630955879672737
1,0.7630955879672737
0,0.2537190409823649
0,0.3695945305465919
0,0.24928720371882
1,0.7630955879672737
1,0.7630955879672737
1,0.7630955879672737
1,0.7630955879672737
1,0.7630955879672737
1,0.7630955879672737
1,0.7630955879672737
0,0.3695945305465919
0,0.24928720371882
0,0.24928720371882
0,0.24928720371882
0,0.24928720371882
0,0.3128338713934613
0,0.24928720371882
0,0.24928720371882
0,0.24928720371882
0,0.24928720371882
0,0.24928720371882
0,0.24928720371882
0,0.24928720371882
0,0.24928720371882
0,0.24928720371882
0,0.24928720371882
0,0.24928720371882
0,0.24928720371882
0,0.24928720371882
0,0.24928720371882
0,0.24928720371882
0,0.24928720371882
0,0.24928720371882
0,0.24928720371882
0,0.2471720307928622
1,0.7649266975111823
0,0.24928720371882
0,0.24928720371882
0,0.24928720371882
0,0.24928720371882
0,0.24928720371882
0,0.24928720371882
0,0.24928720371882
0,0.24928720371882
0,0.24928720371882
0,0.24928720371882
0,0.24928720371882
0,0.24928720371882
0,0.24928720371882
0,0.24928720371882
0,0.2471720307928622
0,0.24928720371882
0,0.24928720371882
0,0.24928720371882
0,0.24928720371882
0,0.24928720371882
0,0.24928720371882
0,0.24928720371882
0,0.24928720371882
0,0.24928720371882
0,0.24928720371882
0,0.24928720371882
0,0.24928720371882
0,0.24928720371882
0,0.24928720371882
0,0.24928720371882
0,0.24928720371882
0,0.24928720371882
0,0.24928720371882
0,0.24928720371882
0,0.24928720371882
0,0.24928720371882
0,0.24928720371882
0,0.24928720371882
0,0.24928720371882
0,0.24928720371882
0,0.24928720371882
0,0.24928720371882
0,0.24928720371882
0,0.24928720371882
0,0.24928720371882
0,0.24928720371882
0,0.24928720371882
0,0.24928720371882
0,0.3170062523586966
0,0.24928720371882
0,0.24928720371882
1,0.7430770065355726
0,0.3311474191383972
1,0.7630955879672737
1,0.7630955879672737
1,0.7427799328536274
1,0.7605568276094831
1,0.6381738987628309
0,0.4328165515984375
1,0.7202631547181386
1,0.7605568276094831
0,0.4120619407464215
0,0.24928720371882
0,0.24928720371882
0,0.24928720371882
1,0.7605568276094831
1,0.7630955879672737
1,0.7630955879672737
1,0.7630955879672737
1,0.7630955879672737
1,0.7630955879672737
1,0.5004624057315353
0,0.24928720371882
0,0.24928720371882
0,0.24928720371882
0,0.24928720371882
0,0.24928720371882
0,0.24928720371882
0,0.24928720371882
0,0.24928720371882
0,0.24928720371882
0,0.24928720371882
0,0.24928720371882
1,0.7368856466795843
0,0.3311474191383972
0,0.3311474191383972
0,0.3170062523586966
1,0.5481397558281335
1,0.7630955879672737
1,0.741222491314064
0,0.24928720371882
1,0.7630955879672737
1,0.7630955879672737
1,0.7630955879672737
1,0.7630955879672737
1,0.7630955879672737
1,0.7630955879672737
1,0.7630955879672737
1,0.7630955879672737
1,0.7630955879672737
1,0.7630955879672737
1,0.7630955879672737
1,0.7304326205318507
1,0.7650669900515622
1,0.7630955879672737
1,0.7630955879672737
0,0.24928720371882
1,0.7630955879672737
1,0.7630955879672737
1,0.7630955879672737
0,0.4120619407464215
1,0.7480056581752598
1,0.7630955879672737
1,0.7630955879672737
1,0.7630955879672737
0,0.24928720371882
0,0.4120619407464215
0,0.4120619407464215
1,0.7630955879672737
0,0.24928720371882
0,0.24928720371882
0,0.24928720371882
0,0.24928720371882
0,0.24928720371882
0,0.24928720371882
0,0.24928720371882
0,0.24928720371882
1,0.5481397558281335
1,0.7630955879672737
1,0.7328346657640383
0,0.3414557784412312
0,0.24928720371882
0,0.24928720371882
0,0.24928720371882
1,0.741222491314064
1,0.7630955879672737
1,0.7630955879672737
1,0.7630955879672737
1,0.7630955879672737
1,0.7630955879672737
1,0.7630955879672737
1,0.7630955879672737
1,0.7630955879672737
1,0.7630955879672737
1,0.7630955879672737
1,0.7630955879672737
1,0.7630955879672737
1,0.7630955879672737
1,0.7630955879672737
1,0.7630955879672737
1,0.7630955879672737
1,0.7630955879672737
1,0.7630955879672737
1,0.7630955879672737
1,0.7630955879672737
1,0.7630955879672737
1,0.7630955879672737
1,0.7630955879672737
1,0.7630955879672737
1,0.7630955879672737
1,0.7630955879672737
1,0.7630955879672737
1,0.7630955879672737
1,0.7630955879672737
1,0.7630955879672737
1,0.7630955879672737
1,0.7630955879672737
1,0.7630955879672737
1,0.7630955879672737
1,0.7630955879672737
1,0.7630955879672737
1,0.7630955879672737
1,0.6422421843814784
0,0.2470049364462531
0,0.4588994161545572
0,0.2470049364462531
1,0.696651011588633
1,0.7605568276094831
1,0.7605568276094831
1,0.7605568276094831
1,0.7630955879672737
0,0.3472623638887161
0,0.3695945305465919
0,0.4900135448279598
0,0.3986126319249785
1,0.7630955879672737
1,0.7630955879672737
1,0.7630955879672737
1,0.7630955879672737
1,0.7630955879672737
1,0.7630955879672737
1,0.7630955879672737
1,0.7630955879672737
1,0.7630955879672737
1,0.7630955879672737
1,0.7630955879672737
1,0.7630955879672737
1,0.7630955879672737
1,0.7630955879672737
1,0.7630955879672737
1,0.7630955879672737
1,0.7630955879672737
1,0.7630955879672737
1,0.7630955879672737
0,0.2470049364462531
0,0.2470049364462531
0,0.3079078385870591
0,0.2771770671963784
0,0.2470049364462531
0,0.24928720371882
0,0.24928720371882
1,0.7630955879672737
1,0.7605568276094831
1,0.7649266975111823
1,0.7371260486939922
1,0.7630955879672737
1,0.7630955879672737
1,0.7630955879672737
1,0.7630955879672737
1,0.7630955879672737
1,0.7630955879672737
1,0.7630955879672737
1,0.7630955879672737
1,0.7630955879672737
1,0.7630955879672737
1,0.7630955879672737
1,0.7630955879672737
1,0.7630955879672737
1,0.7630955879672737
1,0.7630955879672737
1,0.7630955879672737
1,0.7630955879672737
1,0.7630955879672737
1,0.7630955879672737
1,0.7630955879672737
1,0.7630955879672737
1,0.7630955879672737
1,0.7630955879672737
1,0.7630955879672737
1,0.7630955879672737
1,0.7630955879672737
1,0.7630955879672737
1,0.7630955879672737
1,0.7630955879672737
1,0.7630955879672737
1,0.7630955879672737
1,0.7630955879672737
1,0.7630955879672737
1,0.760741120070466
1,0.760741120070466
1,0.760741120070466
1,0.760741120070466
1,0.696651011588633
0,0.3079078385870591
1,0.6422421843814784
0,0.24928720371882
0,0.24928720371882
0,0.24928720371882
0,0.24928720371882
0,0.24928720371882
0,0.24928720371882
0,0.24928720371882
0,0.24928720371882
0,0.24928720371882
0,0.24928720371882
0,0.24928720371882
0,0.24928720371882
0,0.24928720371882
0,0.24928720371882
0,0.24928720371882
0,0.24928720371882
0,0.24928720371882
0,0.24928720371882
0,0.24928720371882
0,0.24928720371882
0,0.24928720371882
0,0.24928720371882
0,0.24928720371882
0,0.24928720371882
0,0.24928720371882
0,0.24928720371882
0,0.24928720371882
0,0.24928720371882
0,0.24928720371882
0,0.24928720371882
0,0.24928720371882
0,0.24928720371882
0,0.24928720371882
0,0.24928720371882
0,0.24928720371882
0,0.24928720371882
0,0.24928720371882
0,0.24928720371882
0,0.24928720371882
0,0.24928720371882
0,0.24928720371882
1,0.7649266975111823
1,0.75794655841355
0,0.4900135448279598
1,0.7649266975111823
1,0.7445042024763944
0,0.24928720371882
0,0.24928720371882
1,0.7630955879672737
1,0.7630955879672737
1,0.7630955879672737
1,0.7630955879672737
1,0.7630955879672737
1,0.7630955879672737
1,0.7630955879672737
1,0.7630955879672737
0,0.3695945305465919
1,0.6879970041875588
1,0.6887243310480134
1,0.6929987422379827
1,0.6929987422379827
0,0.24928720371882
1,0.7630955879672737
1,0.7630955879672737
1,0.7630955879672737
1,0.7630955879672737
0,0.4137509567147754
1,0.7630955879672737
1,0.7630955879672737
1,0.7630955879672737
1,0.7630955879672737
1,0.7630955879672737
0,0.2844015504897631
1,0.7630955879672737
1,0.7630955879672737
1,0.7662254316286828
0,0.4188527777235973
1,0.7630955879672737
1,0.7630955879672737
1,0.7630955879672737
1,0.7605568276094831
0,0.4137509567147754
0,0.2470049364462531
1,0.7662254316286828
1,0.7630955879672737
1,0.7630955879672737
1,0.7630955879672737
1,0.7630955879672737
1,0.7630955879672737
1,0.7630955879672737
1,0.7630955879672737
1,0.7630955879672737
1,0.7630955879672737
1,0.7630955879672737
1,0.7630955879672737
1,0.7630955879672737
1,0.7630955879672737
1,0.7630955879672737
1,0.762621330821214
0,0.3164796439618351
0,0.4873766117104575
0,0.2470049364462531
0,0.4675073221272579
0,0.24928720371882
0,0.2471720307928622
0,0.24928720371882
0,0.24928720371882
0,0.24928720371882
0,0.24928720371882
0,0.24928720371882
0,0.24928720371882
0,0.24928720371882
0,0.24928720371882
0,0.24928720371882
0,0.24928720371882
0,0.24928720371882
0,0.24928720371882
0,0.24928720371882
0,0.24928720371882
0,0.24928720371882
0,0.24928720371882
0,0.24928720371882
0,0.24928720371882
0,0.24928720371882
0,0.24928720371882
0,0.24928720371882
0,0.2471720307928622
0,0.250317588566586
0,0.3699932054957469
0,0.24928720371882
0,0.24928720371882
0,0.24928720371882
0,0.24928720371882
0,0.4962925206280672
0,0.24928720371882
0,0.24928720371882
0,0.24928720371882
0,0.24928720371882
0,0.24928720371882
0,0.24928720371882
0,0.24928720371882
0,0.24928720371882
0,0.24928720371882
0,0.24928720371882
0,0.24928720371882
0,0.24928720371882
0,0.24928720371882
0,0.24928720371882
0,0.24928720371882
0,0.24928720371882
0,0.24928720371882
0,0.24928720371882
0,0.24928720371882
0,0.24928720371882
0,0.24928720371882
0,0.24928720371882
0,0.4870009133381911
0,0.24928720371882
1,0.741222491314064
1,0.7630955879672737
1,0.7630955879672737
1,0.7630955879672737
1,0.7630955879672737
1,0.7630955879672737
1,0.7630955879672737
1,0.7630955879672737
1,0.6212768598869974
1,0.7630955879672737
1,0.7630955879672737
1,0.7630955879672737
1,0.7630955879672737
1,0.7630955879672737
1,0.7630955879672737
1,0.7630955879672737
1,0.7630955879672737
1,0.7630955879672737
1,0.7630955879672737
1,0.7630955879672737
0,0.2470049364462531
1,0.7630955879672737
1,0.7630955879672737
1,0.7605568276094831
0,0.2470049364462531
0,0.261235809257193
1,0.7662254316286828
1,0.7630955879672737
1,0.7630955879672737
1,0.7630955879672737
1,0.7630955879672737
1,0.7630955879672737
1,0.7630955879672737
1,0.7630955879672737
1,0.7630955879672737
1,0.7630955879672737
1,0.7630955879672737
1,0.7630955879672737
1,0.7630955879672737
0,0.2545250974441655
0,0.24928720371882
0,0.24928720371882
0,0.24928720371882
0,0.24928720371882
0,0.24928720371882
0,0.24928720371882
0,0.24928720371882
0,0.24928720371882
0,0.24928720371882
0,0.24928720371882
0,0.24928720371882
0,0.24928720371882
0,0.24928720371882
0,0.24928720371882
0,0.24928720371882
0,0.24928720371882
0,0.24928720371882
0,0.24928720371882
0,0.24928720371882
0,0.24928720371882
0,0.24928720371882
0,0.24928720371882
0,0.2471720307928622
1,0.741222491314064
1,0.7630955879672737
1,0.7630955879672737
1,0.7630955879672737
1,0.7630955879672737
1,0.7630955879672737
1,0.7630955879672737
1,0.7605568276094831
1,0.6803820278095286
0,0.24928720371882
0,0.24928720371882
0,0.24928720371882
0,0.24928720371882
1,0.7284087565293224
0,0.4526665918092089
1,0.7605568276094831
1,0.7630955879672737
0,0.2961791388520493
0,0.2766796531740059
0,0.4533056608469177
1,0.7368856466795843
1,0.7630955879672737
1,0.7630955879672737
1,0.6570039984973614
1,0.6376458177587332
0,0.2471720307928622
1,0.663809320141319
1,0.7630955879672737
1,0.6798153433903358
0,0.2537190409823649
1,0.7630955879672737
1,0.7630955879672737
1,0.7630955879672737
1,0.7630955879672737
1,0.7630955879672737
1,0.7630955879672737
1,0.7630955879672737
1,0.7630955879672737
1,0.7630955879672737
1,0.7630955879672737
1,0.7630955879672737
1,0.7630955879672737
1,0.7630955879672737
1,0.7630955879672737
1,0.7630955879672737
1,0.7630955879672737
1,0.7630955879672737
1,0.7630955879672737
1,0.7630955879672737
1,0.7630955879672737
1,0.7630955879672737
1,0.7630955879672737
1,0.7630955879672737
1,0.7630955879672737
1,0.7630955879672737
1,0.7630955879672737
1,0.7630955879672737
0,0.4137509567147754
1,0.7630955879672737
1,0.7630955879672737
1,0.7630955879672737
1,0.7630955879672737
1,0.7630955879672737
1,0.7630955879672737
1,0.7630955879672737
1,0.7630955879672737
1,0.7630955879672737
1,0.7630955879672737
0,0.4873766117104575
1,0.7630955879672737
1,0.7630955879672737
1,0.7630955879672737
1,0.7630955879672737
1,0.7630955879672737
1,0.7630955879672737
1,0.7630955879672737
1,0.7630955879672737
1,0.762621330821214
1,0.7630955879672737
1,0.7605568276094831
0,0.4395719134710218
1,0.7630955879672737
1,0.7605568276094831
1,0.7630955879672737
1,0.7630955879672737
1,0.7630955879672737
1,0.7630955879672737
1,0.7630955879672737
1,0.7630955879672737
1,0.7630955879672737
1,0.7630955879672737
1,0.7630955879672737
1,0.7630955879672737
1,0.7630955879672737
1,0.7630955879672737
1,0.7630955879672737
1,0.7630955879672737
1,0.7630955879672737
1,0.7630955879672737
1,0.7630955879672737
1,0.7630955879672737
1,0.7630955879672737
1,0.7630955879672737
1,0.7630955879672737
1,0.7630955879672737
1,0.7630955879672737
0,0.2470049364462531
0,0.2470049364462531
0,0.2545250974441655
0,0.250067596869729
0,0.24928720371882
0,0.2470264309918997
0,0.24928720371882
0,0.24928720371882
0,0.24928720371882
0,0.24928720371882
0,0.2626479450364564
0,0.2626479450364564
1,0.7630955879672737
1,0.7630955879672737
1,0.7630955879672737
1,0.7630955879672737
1,0.7630955879672737
1,0.7630955879672737
1,0.7630955879672737
1,0.7630955879672737
1,0.7630955879672737
1,0.7630955879672737
1,0.7630955879672737
1,0.7630955879672737
1,0.7630955879672737
1,0.7630955879672737
1,0.7630955879672737
1,0.7630955879672737
1,0.7630955879672737
1,0.7630955879672737
1,0.7630955879672737
1,0.7630955879672737
1,0.7630955879672737
1,0.7630955879672737
0,0.2537190409823649
0,0.24928720371882
0,0.24928720371882
0,0.24928720371882
0,0.24928720371882
0,0.24928720371882
0,0.2769718495425922
0,0.2669669970777958
0,0.2766796531740059
0,0.3048596664137579
1,0.7620070052984426
1,0.7630955879672737
1,0.7630955879672737
1,0.7630955879672737
1,0.7630955879672737
1,0.7630955879672737
1,0.7630955879672737
1,0.7630955879672737
1,0.7630955879672737
1,0.7630955879672737
1,0.7630955879672737
1,0.7630955879672737
1,0.7630955879672737
1,0.7630955879672737
1,0.7630955879672737
1,0.7630955879672737
1,0.7630955879672737
1,0.7630955879672737
1,0.7630955879672737
1,0.7630955879672737
1,0.7630955879672737
1,0.7630955879672737
1,0.7630955879672737
0,0.24928720371882
1,0.6735426191804528
1,0.7605568276094831
1,0.7620070052984426
0,0.4168430457522948
1,0.6495395687253693
0,0.2470264309918997
1,0.6125853788444711
1,0.7630955879672737
1,0.7605568276094831
1,0.7605568276094831
1,0.7630955879672737
1,0.5925265787568559
1,0.7630955879672737
0,0.4426855022546693
0,0.24928720371882
0,0.24928720371882
0,0.24928720371882
0,0.24928720371882
0,0.24928720371882
0,0.24928720371882
0,0.24928720371882
0,0.24928720371882
0,0.24928720371882
0,0.24928720371882
0,0.24928720371882
0,0.24928720371882
0,0.24928720371882
0,0.24928720371882
0,0.24928720371882
0,0.24928720371882
0,0.24928720371882
0,0.24928720371882
0,0.24928720371882
0,0.24928720371882
0,0.24928720371882
0,0.24928720371882
0,0.24928720371882
1,0.760858943352653
0,0.2471720307928622
0,0.37774309185752
0,0.24928720371882
0,0.24928720371882
0,0.24928720371882
0,0.24928720371882
0,0.24928720371882
0,0.2582883994137973
1,0.7630955879672737
1,0.7630955879672737
1,0.7630955879672737
1,0.7630955879672737
1,0.7630955879672737
1,0.5673116415654805
1,0.6593711748576806
1,0.7630955879672737
1,0.7630955879672737
0,0.2537190409823649
1,0.6502325480714798
1,0.7630955879672737
1,0.7630955879672737
1,0.7630955879672737
1,0.7630955879672737
1,0.7630955879672737
1,0.6502325480714798
0,0.2471720307928622
0,0.24928720371882
0,0.4168430457522948
1,0.7630955879672737
1,0.762621330821214
1,0.6190341368548218
1,0.7630955879672737
1,0.7630955879672737
1,0.7630955879672737
1,0.7630955879672737
1,0.7630955879672737
1,0.7630955879672737
1,0.7630955879672737
1,0.7630955879672737
1,0.7630955879672737
1,0.7630955879672737
1,0.7630955879672737
1,0.7630955879672737
1,0.7630955879672737
1,0.7630955879672737
1,0.7630955879672737
1,0.7630955879672737
1,0.7630955879672737
1,0.7630955879672737
1,0.7630955879672737
1,0.7630955879672737
1,0.7630955879672737
1,0.7630955879672737
1,0.7630955879672737
1,0.7630955879672737
1,0.7630955879672737
1,0.7630955879672737
1,0.7630955879672737
1,0.7630955879672737
1,0.7630955879672737
1,0.7630955879672737
1,0.7630955879672737
1,0.7630955879672737
1,0.7630955879672737
1,0.7630955879672737
1,0.7630955879672737
1,0.7630955879672737
1,0.7630955879672737
1,0.7630955879672737
1,0.7630955879672737
1,0.7630955879672737
1,0.7630955879672737
1,0.7630955879672737
0,0.4440562234334907
0,0.24928720371882
0,0.3582473848777096
0,0.24928720371882
0,0.24928720371882
1,0.726339721801686
0,0.24928720371882
0,0.24928720371882
0,0.24928720371882
0,0.24928720371882
0,0.24928720371882
0,0.24928720371882
0,0.24928720371882
0,0.24928720371882
0,0.24928720371882
0,0.24928720371882
0,0.24928720371882
0,0.2470264309918997
1,0.7630955879672737
1,0.7630955879672737
1,0.6977911330898494
1,0.7630955879672737
1,0.7630955879672737
1,0.7630955879672737
1,0.7630955879672737
1,0.7630955879672737
1,0.7630955879672737
1,0.7630955879672737
1,0.7630955879672737
1,0.7630955879672737
1,0.7630955879672737
1,0.644713777408339
0,0.2470049364462531
0,0.24928720371882
0,0.3155835963413553
0,0.24928720371882
0,0.24928720371882
0,0.24928720371882
0,0.24928720371882
1,0.7405525658653291
1,0.7166094964307054
1,0.7141477712583012
0,0.3740649440609679
1,0.7141477712583012
1,0.7405525658653291
1,0.6750448975365256
0,0.306267039937073
1,0.7630955879672737
1,0.7630955879672737
1,0.7630955879672737
1,0.7630955879672737
1,0.7630955879672737
1,0.7630955879672737
1,0.7630955879672737
1,0.7630955879672737
1,0.7630955879672737
1,0.7630955879672737
1,0.7630955879672737
1,0.7630955879672737
1,0.7630955879672737
0,0.24928720371882
0,0.2470264309918997
0,0.24928720371882
0,0.24928720371882
0,0.306267039937073
1,0.7605568276094831
1,0.7630955879672737
1,0.7605568276094831
1,0.7166094964307054
1,0.762621330821214
0,0.4440562234334907
0,0.2470049364462531
0,0.294106516230523
0,0.24928720371882
1,0.7374436420453571
0,0.3470965669553382
0,0.24928720371882
0,0.24928720371882
0,0.24928720371882
0,0.24928720371882
0,0.24928720371882
0,0.24928720371882
0,0.24928720371882
0,0.24928720371882
0,0.24928720371882
0,0.2991610233572154
0,0.3582473848777096
0,0.24928720371882
0,0.24928720371882
1,0.7605568276094831
1,0.7630955879672737
1,0.7630955879672737
1,0.7630955879672737
1,0.7630955879672737
1,0.7630955879672737
1,0.7630955879672737
1,0.7630955879672737
1,0.7630955879672737
1,0.7630955879672737
1,0.7630955879672737
1,0.7630955879672737
1,0.7630955879672737
1,0.7630955879672737
1,0.7630955879672737
1,0.7630955879672737
1,0.7630955879672737
1,0.7630955879672737
1,0.7630955879672737
1,0.7630955879672737
0,0.4974000065403969
1,0.7605568276094831
0,0.4825882456959384
0,0.3549626159441935
1,0.7630955879672737
1,0.7630955879672737
1,0.7630955879672737
1,0.7605568276094831
1,0.5523128796964976
1,0.7605568276094831
0,0.2470049364462531
1,0.7630955879672737
1,0.5807367335532012
1,0.7083331332533702
0,0.24928720371882
0,0.24928720371882
0,0.24928720371882
0,0.24928720371882
0,0.24928720371882
1,0.7620070052984426
0,0.2834288544950355
0,0.2669669970777958
1,0.7630955879672737
1,0.7630955879672737
1,0.7630955879672737
1,0.7630955879672737
1,0.7630955879672737
1,0.7630955879672737
1,0.7630955879672737
1,0.7630955879672737
1,0.7630955879672737
1,0.7630955879672737
1,0.7630955879672737
1,0.7630955879672737
1,0.7630955879672737
1,0.7630955879672737
1,0.7620070052984426
1,0.7605568276094831
0,0.2470049364462531
1,0.7630955879672737
1,0.7630955879672737
1,0.7630955879672737
1,0.7630955879672737
1,0.7630955879672737
1,0.7630955879672737
1,0.7630955879672737
1,0.7630955879672737
1,0.762621330821214
1,0.7630955879672737
0,0.3875363713176562
0,0.2471720307928622
0,0.2582883994137973
1,0.7630955879672737
0,0.4192466878245792
0,0.4499705952628567
0,0.24928720371882
0,0.24928720371882
0,0.24928720371882
0,0.24928720371882
0,0.24928720371882
0,0.24928720371882
0,0.24928720371882
0,0.3164796439618351
0,0.24928720371882
0,0.24928720371882
0,0.24928720371882
0,0.24928720371882
0,0.24928720371882
0,0.24928720371882
0,0.24928720371882
0,0.24928720371882
0,0.2956288764147804
0,0.24928720371882
0,0.24928720371882
0,0.24928720371882
0,0.2471720307928622
0,0.24928720371882
0,0.2471720307928622
0,0.24928720371882
0,0.24928720371882
0,0.24928720371882
0,0.24928720371882
0,0.24928720371882
0,0.24928720371882
0,0.24928720371882
0,0.24928720371882
0,0.24928720371882
0,0.24928720371882
0,0.24928720371882
0,0.24928720371882
0,0.24928720371882
0,0.24928720371882
0,0.3582473848777096
1,0.7620070052984426
1,0.7583182891350997
1,0.7605568276094831
1,0.7630955879672737
1,0.7630955879672737
1,0.7630955879672737
1,0.7630955879672737
1,0.7630955879672737
1,0.7630955879672737
1,0.7630955879672737
1,0.7630955879672737
1,0.7630955879672737
1,0.7630955879672737
1,0.7630955879672737
1,0.7630955879672737
1,0.7630955879672737
1,0.7630955879672737
1,0.7630955879672737
1,0.7630955879672737
1,0.7630955879672737
1,0.7630955879672737
1,0.7630955879672737
1,0.7630955879672737
1,0.7630955879672737
1,0.7630955879672737
1,0.7630955879672737
1,0.7630955879672737
1,0.7630955879672737
1,0.7630955879672737
1,0.7630955879672737
1,0.7630955879672737
1,0.7630955879672737
1,0.7630955879672737
1,0.7630955879672737
1,0.7630955879672737
1,0.7630955879672737
1,0.7630955879672737
1,0.7630955879672737
1,0.7630955879672737
1,0.7630955879672737
1,0.7630955879672737
1,0.7630955879672737
1,0.7630955879672737
1,0.7630955879672737
1,0.7630955879672737
1,0.7630955879672737
1,0.7605568276094831
1,0.7630955879672737
0,0.2470049364462531
1,0.7630955879672737
0,0.24928720371882
0,0.250317588566586
0,0.24928720371882
0,0.24928720371882
1,0.7605568276094831
1,0.7630955879672737
1,0.7630955879672737
1,0.7605568276094831
1,0.7630955879672737
1,0.7630955879672737
1,0.7630955879672737
1,0.7630955879672737
1,0.7630955879672737
1,0.7630955879672737
1,0.7630955879672737
1,0.7630955879672737
1,0.7630955879672737
1,0.7630955879672737
1,0.7630955879672737
1,0.7630955879672737
1,0.5464109590614648
1,0.6352398021166834
0,0.2470264309918997
0,0.24928720371882
1,0.7630955879672737
1,0.7630955879672737
1,0.7630955879672737
1,0.7630955879672737
1,0.7630955879672737
1,0.7630955879672737
1,0.7630955879672737
1,0.7630955879672737
1,0.7630955879672737
1,0.7630955879672737
1,0.7630955879672737
1,0.7630955879672737
1,0.7630955879672737
1,0.7630955879672737
1,0.7630955879672737
1,0.7630955879672737
1,0.7630955879672737
1,0.7630955879672737
1,0.7630955879672737
1,0.7630955879672737
1,0.7630955879672737
1,0.7630955879672737
1,0.7630955879672737
1,0.7630955879672737
1,0.7630955879672737
1,0.7630955879672737
0,0.24928720371882
0,0.2470049364462531
0,0.3079078385870591
0,0.3079078385870591
0,0.2470264309918997
0,0.24928720371882
0,0.24928720371882
1,0.5279201282909389
1,0.6960752547763777
0,0.2825620951487821
1,0.6239890429925103
0,0.2825620951487821
0,0.268187579110261
1,0.7284570641373477
1,0.7055272129035375
1,0.7630955879672737
1,0.7630955879672737
0,0.2991273746523589
0,0.3065965892178948
0,0.3641186472359927
1,0.6837740015393189
1,0.7588023528507692
0,0.24928720371882
1,0.6837740015393189
1,0.7588023528507692
1,0.669596966372918
0,0.2955618468356417
0,0.24928720371882
0,0.24928720371882
0,0.24928720371882
0,0.24928720371882
1,0.7284570641373477
1,0.6837740015393189
0,0.24928720371882
1,0.6837740015393189
0,0.24928720371882
0,0.24928720371882
0,0.24928720371882
0,0.2786045136258879
0,0.24928720371882
0,0.24928720371882
0,0.24928720371882
0,0.24928720371882
0,0.24928720371882
0,0.24928720371882
0,0.24928720371882
0,0.24928720371882
0,0.24928720371882
0,0.24928720371882
0,0.24928720371882
0,0.24928720371882
0,0.24928720371882
0,0.2778631671315834
0,0.24928720371882
0,0.24928720371882
0,0.24928720371882
0,0.24928720371882
0,0.24928720371882
0,0.24928720371882
0,0.24928720371882
0,0.24928720371882
0,0.24928720371882
0,0.24928720371882
0,0.24928720371882
0,0.2471720307928622
0,0.24928720371882
1,0.6152204376788354
0,0.24928720371882
0,0.24928720371882
0,0.24928720371882
0,0.24928720371882
0,0.24928720371882
0,0.24928720371882
0,0.24928720371882
0,0.24928720371882
0,0.24928720371882
0,0.24928720371882
0,0.24928720371882
0,0.24928720371882
0,0.24928720371882
0,0.24928720371882
0,0.24928720371882
0,0.24928720371882
0,0.24928720371882
0,0.3517555929205301
1,0.5838939899223152
1,0.6652336402847097
1,0.6652336402847097
1,0.7445042024763944
0,0.3155835963413553
0,0.24928720371882
0,0.24928720371882
1,0.6335851078785708
1,0.7445042024763944
1,0.7630955879672737
1,0.7630955879672737
1,0.7630955879672737
1,0.7630955879672737
1,0.7630955879672737
1,0.7630955879672737
1,0.7630955879672737
0,0.24928720371882
1,0.7605568276094831
1,0.7630955879672737
1,0.7630955879672737
1,0.5736477835964315
0,0.2470049364462531
0,0.2470049364462531
0,0.2582883994137973
1,0.5736477835964315
1,0.504250119697076
0,0.4326790206190105
1,0.760858943352653
1,0.7630955879672737
1,0.7630955879672737
1,0.7630955879672737
1,0.7630955879672737
1,0.7605568276094831
0,0.2470049364462531
1,0.5108686145388509
1,0.5464109590614648
1,0.7630955879672737
1,0.7630955879672737
1,0.7630955879672737
0,0.24928720371882
0,0.24928720371882
0,0.24928720371882
0,0.24928720371882
0,0.24928720371882
0,0.24928720371882
0,0.24928720371882
0,0.24928720371882
0,0.24928720371882
0,0.24928720371882
0,0.24928720371882
0,0.24928720371882
0,0.24928720371882
0,0.4480292432611447
0,0.2470264309918997
1,0.7539487272703905
1,0.760858943352653
1,0.7456269383756207
0,0.24928720371882
0,0.24928720371882
0,0.24928720371882
0,0.24928720371882
0,0.24928720371882
0,0.24928720371882
0,0.24928720371882
0,0.24928720371882
0,0.24928720371882
0,0.24928720371882
0,0.24928720371882
0,0.24928720371882
0,0.24928720371882
0,0.24928720371882
0,0.24928720371882
0,0.24928720371882
0,0.2994263848537639
0,0.24928720371882
0,0.24928720371882
0,0.24928720371882
0,0.24928720371882
0,0.24928720371882
1,0.6528805927874499
1,0.6528805927874499
1,0.6021256734397973
1,0.6021256734397973
1,0.760741120070466
1,0.760741120070466
1,0.760741120070466
1,0.760741120070466
1,0.760741120070466
1,0.760741120070466
1,0.760741120070466
1,0.7630955879672737
1,0.7630955879672737
1,0.7630955879672737
1,0.7630955879672737
1,0.7630955879672737
1,0.7630955879672737
1,0.7630955879672737
1,0.7630955879672737
1,0.7630955879672737
1,0.7630955879672737
1,0.7630955879672737
1,0.7630955879672737
1,0.7630955879672737
1,0.7630955879672737
1,0.7630955879672737
1,0.7630955879672737
1,0.7630955879672737
1,0.7630955879672737
1,0.7630955879672737
1,0.7630955879672737
1,0.7630955879672737
1,0.7630955879672737
1,0.7630955879672737
1,0.7630955879672737
1,0.7630955879672737
1,0.7630955879672737
1,0.7630955879672737
1,0.7630955879672737
1,0.7630955879672737
1,0.7630955879672737
0,0.3628174581362922
0,0.3875363713176562
0,0.2537190409823649
0,0.24928720371882
0,0.2672348941515723
0,0.3604618837012964
0,0.24928720371882
0,0.3384682686236223
0,0.2471720307928622
0,0.2558663088090155
0,0.283185602476471
0,0.24928720371882
0,0.24928720371882
0,0.24928720371882
0,0.24928720371882
0,0.24928720371882
0,0.268187579110261
0,0.2994263848537639
1,0.5356569014374578
1,0.760741120070466
1,0.760741120070466
0,0.2537190409823649
0,0.24928720371882
0,0.287225123117504
0,0.3391790520142723
0,0.4119367785432766
0,0.4119367785432766
0,0.24928720371882
0,0.24928720371882
1,0.7630955879672737
1,0.7630955879672737
1,0.7630955879672737
1,0.7630955879672737
1,0.7630955879672737
0,0.24928720371882
0,0.2994263848537639
0,0.24928720371882
0,0.24928720371882
0,0.24928720371882
0,0.2778631671315834
0,0.268187579110261
0,0.3604618837012964
1,0.6678352024426584
1,0.6944735103291243
0,0.24928720371882
0,0.24928720371882
0,0.24928720371882
0,0.24928720371882
0,0.24928720371882
0,0.24928720371882
0,0.24928720371882
0,0.24928720371882
0,0.24928720371882
0,0.24928720371882
0,0.24928720371882
0,0.24928720371882
0,0.2994263848537639
1,0.7630955879672737
1,0.7630955879672737
1,0.7630955879672737
1,0.7630955879672737
0,0.2470049364462531
0,0.24928720371882
0,0.24928720371882
0,0.24928720371882
0,0.24928720371882
0,0.3604618837012964
0,0.3762737222749236
0,0.3762737222749236
1,0.7630955879672737
1,0.7630955879672737
1,0.7630955879672737
1,0.7630955879672737
1,0.7630955879672737
1,0.7630955879672737
1,0.7630955879672737
1,0.6578499583554751
0,0.287225123117504
0,0.2771770671963784
0,0.2778631671315834
0,0.2778631671315834
1,0.7630955879672737
1,0.7630955879672737
1,0.7630955879672737
0,0.4255137363684053
1,0.7630955879672737
0,0.2470049364462531
1,0.7630955879672737
0,0.3999543199538716
0,0.24928720371882
0,0.351030761219933
1,0.6558132341340598
0,0.4255137363684053
1,0.7630955879672737
0,0.24928720371882
0,0.24928720371882
0,0.24928720371882
0,0.24928720371882
0,0.24928720371882
0,0.24928720371882
0,0.24928720371882
0,0.24928720371882
0,0.24928720371882
0,0.24928720371882
0,0.24928720371882
0,0.24928720371882
0,0.24928720371882
0,0.24928720371882
0,0.24928720371882
0,0.24928720371882
0,0.24928720371882
0,0.24928720371882
0,0.24928720371882
0,0.24928720371882
0,0.24928720371882
0,0.24928720371882
0,0.24928720371882
0,0.24928720371882
0,0.24928720371882
0,0.24928720371882
0,0.4713186004856113
0,0.24928720371882
0,0.24928720371882
0,0.24928720371882
0,0.24928720371882
0,0.24928720371882
0,0.24928720371882
0,0.24928720371882
0,0.24928720371882
0,0.24928720371882
0,0.24928720371882
0,0.24928720371882
0,0.24928720371882
0,0.24928720371882
0,0.24928720371882
0,0.24928720371882
0,0.24928720371882
0,0.24928720371882
0,0.24928720371882
0,0.24928720371882
0,0.24928720371882
0,0.24928720371882
1,0.6059113414197926
1,0.6528805927874499
1,0.5658126529801863
1,0.7630955879672737
1,0.5995444977808042
0,0.24928720371882
0,0.24928720371882
0,0.24928720371882
1,0.7498686098264133
0,0.24928720371882
0,0.24928720371882
0,0.24928720371882
0,0.24928720371882
1,0.7649266975111823
0,0.24928720371882
0,0.24928720371882
0,0.24928720371882
1,0.7498686098264133
1,0.7649266975111823
1,0.536436843540638
1,0.7630955879672737
1,0.7630955879672737
1,0.7662254316286828
0,0.2756662817485548
0,0.24928720371882
1,0.5464109590614648
1,0.5464109590614648
1,0.7630955879672737
1,0.7630955879672737
1,0.7630955879672737
1,0.7630955879672737
0,0.2470049364462531
0,0.2470264309918997
0,0.2756662817485548
0,0.250067596869729
0,0.24928720371882
0,0.24928720371882
0,0.24928720371882
0,0.24928720371882
0,0.24928720371882
0,0.24928720371882
0,0.24928720371882
0,0.3164796439618351
1,0.7456269383756207
1,0.5672927619404124
1,0.7619673307368107
0,0.3164796439618351
0,0.250067596869729
0,0.24928720371882
0,0.24928720371882
0,0.24928720371882
0,0.2471720307928622
1,0.753992144191564
1,0.7630955879672737
1,0.7630955879672737
1,0.7630955879672737
1,0.7630955879672737
1,0.7630955879672737
1,0.7630955879672737
1,0.7630955879672737
1,0.7630955879672737
1,0.7630955879672737
1,0.7630955879672737
1,0.7630955879672737
1,0.7630955879672737
1,0.7630955879672737
1,0.7630955879672737
1,0.7630955879672737
0,0.4593422847938655
1,0.7630955879672737
0,0.2537190409823649
1,0.5718609771370008
1,0.7630955879672737
1,0.7006414181919608
1,0.7630955879672737
0,0.2545250974441655
0,0.2470049364462531
0,0.3875363713176562
0,0.3628174581362922
1,0.7539980299464294
1,0.7630955879672737
1,0.7630955879672737
1,0.7630955879672737
1,0.7630955879672737
1,0.7630955879672737
1,0.7630955879672737
1,0.7630955879672737
1,0.7630955879672737
1,0.7630955879672737
1,0.7630955879672737
1,0.7630955879672737
1,0.6489312786541277
1,0.7630955879672737
1,0.5718609771370008
0,0.24928720371882
0,0.24928720371882
0,0.24928720371882
0,0.24928720371882
0,0.24928720371882
0,0.24928720371882
0,0.24928720371882
0,0.24928720371882
0,0.24928720371882
0,0.24928720371882
0,0.24928720371882
0,0.24928720371882
0,0.24928720371882
0,0.4790237620594126
0,0.3164796439618351
1,0.7090930027053826
1,0.7605568276094831
0,0.24928720371882
0,0.24928720371882
0,0.24928720371882
0,0.24928720371882
0,0.24928720371882
0,0.24928720371882
0,0.24928720371882
0,0.24928720371882
0,0.2471720307928622
0,0.24928720371882
0,0.2471720307928622
1,0.6406793273770309
0,0.2505624107049226
0,0.24928720371882
0,0.24928720371882
0,0.4402829846852842
1,0.5241983633581448
0,0.24928720371882
0,0.24928720371882
0,0.24928720371882
0,0.2778631671315834
1,0.7445042024763944
1,0.760741120070466
1,0.760741120070466
0,0.24928720371882
0,0.24928720371882
0,0.2582883994137973
0,0.24928720371882
0,0.2471720307928622
0,0.24928720371882
1,0.7649266975111823
1,0.760741120070466
1,0.7630955879672737
1,0.7605568276094831
1,0.7496310580406619
1,0.5225541190719547
0,0.2545250974441655
0,0.24928720371882
0,0.24928720371882
0,0.24928720371882
0,0.24928720371882
0,0.24928720371882
0,0.24928720371882
0,0.24928720371882
0,0.24928720371882
0,0.24928720371882
0,0.24928720371882
1,0.760858943352653
0,0.24928720371882
1,0.5419821432497645
1,0.7630955879672737
1,0.7630955879672737
1,0.7630955879672737
1,0.7630955879672737
1,0.7630955879672737
1,0.7630955879672737
1,0.7630955879672737
1,0.7630955879672737
1,0.7630955879672737
1,0.7630955879672737
1,0.7630955879672737
1,0.7630955879672737
1,0.7630955879672737
1,0.7630955879672737
1,0.7630955879672737
1,0.7630955879672737
1,0.7630955879672737
1,0.7630955879672737
1,0.7630955879672737
1,0.7630955879672737
1,0.7630955879672737
1,0.7630955879672737
1,0.7630955879672737
1,0.7630955879672737
1,0.7630955879672737
1,0.7630955879672737
1,0.7630955879672737
1,0.7630955879672737
1,0.7630955879672737
1,0.7630955879672737
1,0.7630955879672737
1,0.7630955879672737
1,0.7630955879672737
1,0.7630955879672737
1,0.7630955879672737
1,0.7630955879672737
1,0.7630955879672737
1,0.7630955879672737
1,0.7630955879672737
1,0.7630955879672737
1,0.7630955879672737
1,0.7630955879672737
1,0.7630955879672737
1,0.7630955879672737
1,0.7630955879672737
1,0.7630955879672737
1,0.7630955879672737
1,0.7630955879672737
1,0.7630955879672737
1,0.7630955879672737
1,0.7630955879672737
1,0.7630955879672737
1,0.7630955879672737
1,0.7630955879672737
1,0.7630955879672737
1,0.7630955879672737
1,0.7630955879672737
1,0.7630955879672737
1,0.7630955879672737
1,0.7630955879672737
1,0.7630955879672737
1,0.7630955879672737
1,0.7630955879672737
1,0.7630955879672737
1,0.7630955879672737
1,0.7630955879672737
1,0.7630955879672737
1,0.7630955879672737
1,0.7630955879672737
1,0.7630955879672737
1,0.7630955879672737
1,0.7630955879672737
0,0.2471720307928622
0,0.3079078385870591
0,0.24928720371882
0,0.4073725761032079
0,0.24928720371882
0,0.24928720371882
0,0.24928720371882
0,0.24928720371882
0,0.24928720371882
0,0.268187579110261
0,0.2558663088090155
0,0.2471720307928622
1,0.6558132341340598
1,0.6756882036139927
0,0.2471720307928622
0,0.24928720371882
0,0.24928720371882
0,0.3641186472359927
0,0.2558663088090155
1,0.7630955879672737
1,0.7630955879672737
1,0.7630955879672737
1,0.7630955879672737
1,0.7630955879672737
1,0.7630955879672737
1,0.7630955879672737
1,0.7055272129035375
1,0.7496310580406619
0,0.2470049364462531
0,0.2771770671963784
0,0.24928720371882
0,0.24928720371882
0,0.24928720371882
0,0.24928720371882
0,0.24928720371882
0,0.24928720371882
0,0.24928720371882
0,0.24928720371882
0,0.24928720371882
0,0.24928720371882
0,0.24928720371882
0,0.24928720371882
0,0.24928720371882
0,0.24928720371882
0,0.24928720371882
0,0.24928720371882
0,0.24928720371882
0,0.24928720371882
0,0.4119367785432766
0,0.24928720371882
0,0.4119367785432766
0,0.24928720371882
1,0.7588023528507692
1,0.7630955879672737
1,0.7630955879672737
1,0.7630955879672737
0,0.4986275428688617
0,0.24928720371882
0,0.24928720371882
0,0.24928720371882
0,0.24928720371882
0,0.24928720371882
0,0.24928720371882
0,0.24928720371882
0,0.3503083074567742
1,0.6558132341340598
1,0.6822377153890324
1,0.7630955879672737
1,0.7630955879672737
1,0.7630955879672737
1,0.7630955879672737
1,0.7630955879672737
1,0.7630955879672737
1,0.7630955879672737
1,0.7630955879672737
1,0.7630955879672737
1,0.7630955879672737
1,0.7630955879672737
1,0.7630955879672737
1,0.7630955879672737
1,0.7630955879672737
1,0.7630955879672737
0,0.3164796439618351
0,0.24928720371882
0,0.24928720371882
0,0.250317588566586
1,0.6835471570695024
0,0.24928720371882
0,0.24928720371882
0,0.24928720371882
0,0.24928720371882
0,0.24928720371882
0,0.24928720371882
0,0.24928720371882
0,0.2934523042846612
1,0.6756882036139927
1,0.7630955879672737
1,0.7630955879672737
1,0.6341710215261658
1,0.7605568276094831
1,0.6341710215261658
1,0.6383203873251254
0,0.2756662817485548
1,0.7630955879672737
1,0.7630955879672737
1,0.7630955879672737
1,0.7630955879672737
1,0.7630955879672737
1,0.7630955879672737
1,0.7630955879672737
1,0.7630955879672737
1,0.7630955879672737
1,0.7630955879672737
1,0.7630955879672737
1,0.7630955879672737
1,0.6878604406465679
1,0.7662254316286828
1,0.7055272129035375
1,0.7630955879672737
0,0.4255137363684053
0,0.2471720307928622
1,0.7630955879672737
1,0.7630955879672737
0,0.24928720371882
1,0.7630955879672737
1,0.7630955879672737
1,0.7630955879672737
1,0.7630955879672737
1,0.7630955879672737
1,0.7630955879672737
1,0.7630955879672737
1,0.7630955879672737
1,0.7630955879672737
1,0.7630955879672737
1,0.7630955879672737
1,0.7630955879672737
1,0.5616296724604941
0,0.2835878294199284
0,0.2470049364462531
0,0.24928720371882
0,0.24928720371882
1,0.7630955879672737
1,0.6341710215261658
0,0.2471720307928622
0,0.24928720371882
0,0.250317588566586
0,0.2580386274760494
0,0.250317588566586
1,0.6756882036139927
0,0.2825620951487821
0,0.24928720371882
0,0.2998991515813813
1,0.7605568276094831
0,0.24928720371882
0,0.24928720371882
1,0.7630955879672737
1,0.7630955879672737
1,0.7605568276094831
0,0.2537190409823649
0,0.2537190409823649
0,0.24928720371882
1,0.7630955879672737
1,0.7630955879672737
1,0.7630955879672737
1,0.657428219047846
1,0.6341710215261658
1,0.7630955879672737
1,0.7630955879672737
1,0.7630955879672737
0,0.250317588566586
0,0.250317588566586
0,0.24928720371882
0,0.2934523042846612
0,0.2825620951487821
1,0.7630955879672737
1,0.7630955879672737
1,0.7630955879672737
1,0.7630955879672737
1,0.7630955879672737
1,0.7630955879672737
1,0.7630955879672737
1,0.7630955879672737
1,0.7630955879672737
1,0.7630955879672737
1,0.7630955879672737
1,0.7630955879672737
1,0.7630955879672737
1,0.7630955879672737
1,0.7630955879672737
1,0.7630955879672737
1,0.7630955879672737
1,0.7630955879672737
1,0.7630955879672737
1,0.7630955879672737
1,0.7630955879672737
1,0.7630955879672737
1,0.7630955879672737
1,0.7630955879672737
1,0.7630955879672737
1,0.7630955879672737
1,0.7630955879672737
1,0.7630955879672737
1,0.7630955879672737
1,0.7630955879672737
1,0.7630955879672737
0,0.3582473848777096
0,0.24928720371882
0,0.24928720371882
1,0.6572277606658906
1,0.7605568276094831
1,0.635527140625031
0,0.24928720371882
0,0.24928720371882
0,0.24928720371882
0,0.24928720371882
0,0.24928720371882
0,0.24928720371882
0,0.24928720371882
0,0.24928720371882
0,0.24928720371882
0,0.24928720371882
0,0.24928720371882
0,0.24928720371882
0,0.24928720371882
0,0.24928720371882
0,0.24928720371882
0,0.24928720371882
0,0.24928720371882
0,0.24928720371882
0,0.24928720371882
0,0.24928720371882
0,0.24928720371882
0,0.24928720371882
1,0.7630955879672737
1,0.7630955879672737
1,0.7630955879672737
1,0.7630955879672737
1,0.7630955879672737
1,0.7630955879672737
1,0.7630955879672737
1,0.7166094964307054
0,0.2756662817485548
1,0.6341710215261658
1,0.7630955879672737
1,0.7630955879672737
1,0.7630955879672737
1,0.7630955879672737
1,0.7630955879672737
1,0.7630955879672737
1,0.7630955879672737
1,0.7630955879672737
1,0.7630955879672737
0,0.2471720307928622
0,0.2505624107049226
0,0.24928720371882
0,0.24928720371882
0,0.3164796439618351
0,0.24928720371882
0,0.3164796439618351
1,0.7017154636341556
0,0.24928720371882
0,0.24928720371882
0,0.24928720371882
0,0.24928720371882
0,0.24928720371882
0,0.24928720371882
0,0.2934523042846612
0,0.24928720371882
0,0.24928720371882
0,0.24928720371882
0,0.24928720371882
0,0.24928720371882
0,0.24928720371882
0,0.24928720371882
0,0.24928720371882
0,0.24928720371882
0,0.24928720371882
0,0.24928720371882
0,0.24928720371882
0,0.24928720371882
0,0.24928720371882
0,0.24928720371882
0,0.24928720371882
0,0.24928720371882
0,0.24928720371882
0,0.2471720307928622
1,0.6756882036139927
0,0.24928720371882
0,0.24928720371882
0,0.24928720371882
0,0.354346027086013
0,0.3979146745370659
0,0.24928720371882
0,0.24928720371882
0,0.24928720371882
0,0.24928720371882
0,0.24928720371882
0,0.24928720371882
0,0.24928720371882
0,0.24928720371882
1,0.7630955879672737
1,0.6756882036139927
0,0.24928720371882
1,0.6756882036139927
0,0.2471720307928622
0,0.24928720371882
0,0.24928720371882
0,0.24928720371882
0,0.24928720371882
0,0.24928720371882
0,0.24928720371882
0,0.24928720371882
0,0.24928720371882
0,0.24928720371882
0,0.24928720371882
0,0.24928720371882
0,0.24928720371882
0,0.24928720371882
0,0.24928720371882
0,0.24928720371882
0,0.24928720371882
0,0.24928720371882
0,0.24928720371882
0,0.24928720371882
0,0.24928720371882
0,0.24928720371882
0,0.24928720371882
0,0.24928720371882
0,0.24928720371882
0,0.24928720371882
0,0.24928720371882
0,0.24928720371882
0,0.24928720371882
0,0.24928720371882
0,0.24928720371882
0,0.24928720371882
0,0.24928720371882
0,0.24928720371882
0,0.24928720371882
0,0.24928720371882
0,0.24928720371882
0,0.24928720371882
0,0.24928720371882
0,0.24928720371882
0,0.24928720371882
0,0.24928720371882
0,0.24928720371882
0,0.24928720371882
0,0.24928720371882
1,0.6271750853974071
0,0.24928720371882
1,0.540867156034086
0,0.24928720371882
0,0.24928720371882
0,0.24928720371882
0,0.24928720371882
1,0.6937835336509419
1,0.6937835336509419
1,0.6937835336509419
1,0.6271750853974071
1,0.7630955879672737
1,0.6341710215261658
1,0.7630955879672737
1,0.7630955879672737
1,0.6116493954177673
1,0.7630955879672737
1,0.7630955879672737
1,0.7630955879672737
1,0.7630955879672737
1,0.7630955879672737
1,0.7630955879672737
0,0.2537190409823649
1,0.7620070052984426
1,0.7630955879672737
1,0.7630955879672737
1,0.7630955879672737
1,0.7630955879672737
1,0.7630955879672737
1,0.7630955879672737
1,0.7630955879672737
1,0.657428219047846
0,0.2714608305426952
0,0.24928720371882
0,0.24928720371882
0,0.24928720371882
0,0.24928720371882
0,0.24928720371882
0,0.24928720371882
0,0.24928720371882
0,0.24928720371882
0,0.24928720371882
0,0.24928720371882
0,0.24928720371882
0,0.24928720371882
0,0.24928720371882
0,0.24928720371882
0,0.24928720371882
0,0.24928720371882
0,0.24928720371882
0,0.24928720371882
0,0.24928720371882
0,0.24928720371882
0,0.24928720371882
0,0.24928720371882
0,0.24928720371882
0,0.24928720371882
0,0.4444289946135205
0,0.24928720371882
0,0.24928720371882
0,0.24928720371882
0,0.24928720371882
0,0.24928720371882
0,0.24928720371882
0,0.24928720371882
0,0.24928720371882
0,0.24928720371882
0,0.24928720371882
0,0.24928720371882
0,0.24928720371882
0,0.24928720371882
0,0.24928720371882
0,0.24928720371882
0,0.24928720371882
0,0.24928720371882
0,0.24928720371882
0,0.24928720371882
0,0.24928720371882
0,0.24928720371882
0,0.24928720371882
0,0.24928720371882
0,0.24928720371882
0,0.24928720371882
0,0.24928720371882
0,0.24928720371882
0,0.24928720371882
0,0.4292445859201816
0,0.3582473848777096
0,0.3582473848777096
0,0.400997798041752
0,0.24928720371882
0,0.24928720371882
0,0.24928720371882
0,0.24928720371882
0,0.24928720371882
0,0.2835878294199284
0,0.24928720371882
0,0.24928720371882
0,0.4543975735521957
0,0.24928720371882
0,0.24928720371882
0,0.24928720371882
0,0.24928720371882
0,0.24928720371882
0,0.24928720371882
1,0.7630955879672737
1,0.7630955879672737
1,0.7630955879672737
1,0.7630955879672737
1,0.7630955879672737
1,0.7630955879672737
1,0.7630955879672737
1,0.7630955879672737
1,0.7630955879672737
1,0.7630955879672737
1,0.7630955879672737
1,0.5248615612988011
0,0.2771770671963784
0,0.2537190409823649
1,0.5248615612988011
1,0.7630955879672737
1,0.7620070052984426
1,0.7630955879672737
1,0.7630955879672737
1,0.7630955879672737
1,0.7630955879672737
1,0.7630955879672737
1,0.7630955879672737
1,0.7630955879672737
1,0.7630955879672737
0,0.2470049364462531
0,0.24928720371882
0,0.2771770671963784
0,0.2470049364462531
0,0.24928720371882
0,0.3132773137976764
1,0.5795321241930784
0,0.3519283486240401
1,0.7630955879672737
1,0.7630955879672737
1,0.7630955879672737
1,0.7630955879672737
0,0.2834288544950355
0,0.3079078385870591
0,0.363538143293119
0,0.2834288544950355
0,0.24928720371882
0,0.4013837329803824
0,0.24928720371882
0,0.363538143293119
0,0.3519283486240401
1,0.7532688473487142
0,0.24928720371882
1,0.762621330821214
1,0.7630955879672737
1,0.7630955879672737
0,0.3582473848777096
0,0.24928720371882
0,0.24928720371882
0,0.24928720371882
1,0.7405525658653291
0,0.3519283486240401
0,0.24928720371882
0,0.2834288544950355
0,0.24928720371882
0,0.3252982701358987
1,0.7630955879672737
0,0.337061746046821
1,0.762621330821214
1,0.5248615612988011
0,0.2834288544950355
0,0.3582473848777096
0,0.24928720371882
0,0.24928720371882
0,0.24928720371882
0,0.2470264309918997
1,0.7166094964307054
1,0.7405525658653291
1,0.7605568276094831
1,0.7630955879672737
1,0.7630955879672737
1,0.7630955879672737
1,0.5248615612988011
1,0.7605568276094831
0,0.2470049364462531
0,0.2537190409823649
1,0.7605568276094831
1,0.5009065717904492
0,0.24928720371882
0,0.24928720371882
0,0.24928720371882
0,0.24928720371882
0,0.24928720371882
0,0.24928720371882
1,0.7405525658653291
1,0.7405525658653291
0,0.3582473848777096
0,0.3519283486240401
0,0.2834288544950355
0,0.3889770402943148
1,0.689017477956753
0,0.3756322553123748
0,0.3906535678195422
0,0.24928720371882
0,0.24928720371882
0,0.24928720371882
0,0.24928720371882
0,0.24928720371882
0,0.24928720371882
0,0.24928720371882
0,0.4310018751703871
0,0.24928720371882
0,0.24928720371882
0,0.24928720371882
0,0.24928720371882
0,0.24928720371882
0,0.24928720371882
0,0.24928720371882
0,0.24928720371882
0,0.24928720371882
0,0.24928720371882
0,0.24928720371882
0,0.24928720371882
0,0.24928720371882
0,0.2991610233572154
0,0.24928720371882
0,0.24928720371882
0,0.24928720371882
0,0.24928720371882
0,0.24928720371882
0,0.24928720371882
0,0.24928720371882
0,0.24928720371882
0,0.24928720371882
0,0.24928720371882
0,0.24928720371882
0,0.24928720371882
0,0.24928720371882
0,0.24928720371882
0,0.24928720371882
0,0.3781079802660074
1,0.5555896893773445
1,0.55880447613608
1,0.55880447613608
1,0.55880447613608
0,0.24928720371882
0,0.24928720371882
0,0.24928720371882
0,0.24928720371882
0,0.24928720371882
0,0.24928720371882
0,0.24928720371882
0,0.24928720371882
0,0.24928720371882
0,0.24928720371882
0,0.24928720371882
0,0.24928720371882
0,0.24928720371882
0,0.24928720371882
0,0.24928720371882
0,0.24928720371882
0,0.24928720371882
0,0.24928720371882
0,0.24928720371882
1,0.5854579530112065
1,0.7630955879672737
1,0.7630955879672737
1,0.5670510428181131
1,0.7630955879672737
1,0.7630955879672737
1,0.592740463396057
0,0.2470049364462531
0,0.24928720371882
0,0.24928720371882
0,0.24928720371882
0,0.24928720371882
0,0.24928720371882
0,0.24928720371882
0,0.24928720371882
0,0.3484913403042885
1,0.7405525658653291
1,0.7605568276094831
1,0.7630955879672737
1,0.7630955879672737
1,0.7630955879672737
1,0.7630955879672737
1,0.7630955879672737
1,0.7630955879672737
1,0.7630955879672737
1,0.7630955879672737
1,0.7630955879672737
1,0.7630955879672737
1,0.7630955879672737
1,0.7630955879672737
1,0.7630955879672737
1,0.7630955879672737
1,0.7630955879672737
1,0.7630955879672737
1,0.7630955879672737
1,0.7630955879672737
1,0.7630955879672737
1,0.7630955879672737
1,0.7630955879672737
1,0.7630955879672737
1,0.7630955879672737
1,0.7630955879672737
1,0.7630955879672737
1,0.7630955879672737
1,0.7630955879672737
1,0.7630955879672737
1,0.7630955879672737
1,0.7630955879672737
1,0.7630955879672737
1,0.7630955879672737
1,0.7630955879672737
1,0.7630955879672737
1,0.7630955879672737
1,0.7630955879672737
1,0.7630955879672737
1,0.7630955879672737
1,0.7630955879672737
1,0.7630955879672737
1,0.7630955879672737
1,0.7630955879672737
1,0.7630955879672737
1,0.7630955879672737
0,0.4467259818310219
1,0.7630955879672737
1,0.7630955879672737
1,0.7630955879672737
1,0.7630955879672737
1,0.7630955879672737
1,0.7630955879672737
1,0.7605568276094831
1,0.7630955879672737
1,0.7630955879672737
1,0.7605568276094831
1,0.7630955879672737
0,0.3662010434590098
1,0.7605568276094831
1,0.7630955879672737
1,0.7630955879672737
0,0.2471720307928622
0,0.2470049364462531
0,0.2471720307928622
0,0.2582883994137973
0,0.2558663088090155
1,0.7662254316286828
1,0.7630955879672737
1,0.7630955879672737
1,0.7630955879672737
1,0.7630955879672737
1,0.7630955879672737
1,0.7630955879672737
1,0.7630955879672737
1,0.7630955879672737
1,0.7630955879672737
1,0.7630955879672737
1,0.5009065717904492
0,0.2470264309918997
0,0.24928720371882
0,0.3164796439618351
0,0.24928720371882
0,0.24928720371882
0,0.24928720371882
0,0.24928720371882
0,0.24928720371882
0,0.24928720371882
0,0.24928720371882
0,0.24928720371882
0,0.24928720371882
0,0.24928720371882
0,0.24928720371882
0,0.24928720371882
0,0.24928720371882
0,0.24928720371882
0,0.24928720371882
0,0.24928720371882
0,0.24928720371882
0,0.2471720307928622
1,0.7649266975111823
1,0.5390663248101575
1,0.7630955879672737
1,0.7649266975111823
1,0.6145318839424305
0,0.3155835963413553
1,0.6302837364033909
1,0.7090930027053826
1,0.7125054384515151
0,0.2471720307928622
0,0.24928720371882
1,0.5277967672953556
0,0.2471720307928622
1,0.7620070052984426
0,0.250317588566586
1,0.7605568276094831
0,0.24928720371882
0,0.24928720371882
1,0.5439737410456996
0,0.3490823759047608
0,0.3214526139283227
0,0.24928720371882
0,0.24928720371882
0,0.24928720371882
0,0.24928720371882
1,0.7052773076342831
1,0.7662254316286828
1,0.7605568276094831
1,0.7630955879672737
1,0.7630955879672737
1,0.7630955879672737
1,0.7165876700638152
1,0.6536653784041833
0,0.2471720307928622
0,0.24928720371882
0,0.2582883994137973
0,0.24928720371882
1,0.760858943352653
1,0.7619673307368107
1,0.6536653784041833
1,0.6536653784041833
0,0.3110455604693437
1,0.7630955879672737
1,0.7605568276094831
1,0.6145318839424305
0,0.24928720371882
1,0.6145318839424305
0,0.2471720307928622
1,0.7649266975111823
0,0.2471720307928622
0,0.4324969817410743
0,0.2471720307928622
0,0.24928720371882
0,0.24928720371882
0,0.2471720307928622
0,0.3707496649125489
0,0.2471720307928622
1,0.7318563765424861
1,0.7318563765424861
0,0.24928720371882
1,0.7649266975111823
0,0.24928720371882
0,0.24928720371882
0,0.24928720371882
0,0.24928720371882
0,0.24928720371882
0,0.24928720371882
0,0.24928720371882
0,0.2471720307928622
1,0.7605568276094831
1,0.7630955879672737
1,0.7630955879672737
0,0.3347431474710498
0,0.2548684746279881
0,0.3152625786504029
0,0.3152625786504029
0,0.3257440156852828
0,0.24928720371882
0,0.24928720371882
0,0.3214526139283227
1,0.7630955879672737
0,0.24928720371882
0,0.3726507607011118
0,0.2548684746279881
1,0.7649266975111823
1,0.6145318839424305
0,0.2756662817485548
0,0.24928720371882
0,0.24928720371882
0,0.24928720371882
0,0.24928720371882
0,0.24928720371882
0,0.4281592825197028
0,0.2583281986364776
0,0.24928720371882
0,0.24928720371882
0,0.24928720371882
0,0.24928720371882
0,0.24928720371882
0,0.24928720371882
0,0.24928720371882
0,0.24928720371882
0,0.24928720371882
0,0.24928720371882
0,0.24928720371882
0,0.24928720371882
0,0.24928720371882
0,0.24928720371882
0,0.24928720371882
0,0.24928720371882
0,0.24928720371882
0,0.24928720371882
0,0.24928720371882
0,0.24928720371882
0,0.24928720371882
0,0.24928720371882
0,0.24928720371882
0,0.24928720371882
0,0.24928720371882
0,0.24928720371882
0,0.24928720371882
0,0.24928720371882
0,0.24928720371882
0,0.24928720371882
0,0.24928720371882
0,0.24928720371882
0,0.24928720371882
0,0.24928720371882
1,0.5720440630910155
0,0.24928720371882
0,0.24928720371882
0,0.24928720371882
0,0.24928720371882
0,0.24928720371882
0,0.24928720371882
0,0.24928720371882
0,0.24928720371882
0,0.24928720371882
0,0.24928720371882
1,0.5688730502245243
0,0.350720323884554
1,0.7605568276094831
1,0.7630955879672737
1,0.7630955879672737
1,0.7630955879672737
1,0.6055887628161043
1,0.5836126992259657
1,0.7605568276094831
0,0.24928720371882
0,0.24928720371882
0,0.24928720371882
0,0.24928720371882
0,0.24928720371882
0,0.24928720371882
1,0.6074135596016391
1,0.6212012716527859
1,0.7630955879672737
1,0.7630955879672737
1,0.7630955879672737
1,0.7630955879672737
1,0.7630955879672737
1,0.7630955879672737
1,0.7630955879672737
1,0.7630955879672737
1,0.7630955879672737
1,0.7630955879672737
1,0.7630955879672737
1,0.7630955879672737
1,0.7630955879672737
1,0.7630955879672737
1,0.7630955879672737
1,0.7630955879672737
1,0.7630955879672737
1,0.7630955879672737
1,0.7630955879672737
1,0.7630955879672737
1,0.7630955879672737
1,0.7630955879672737
1,0.7630955879672737
1,0.7630955879672737
1,0.7630955879672737
1,0.7630955879672737
1,0.7630955879672737
1,0.7630955879672737
1,0.7630955879672737
1,0.7630955879672737
1,0.7630955879672737
1,0.7630955879672737
1,0.7630955879672737
1,0.7630955879672737
1,0.7630955879672737
1,0.7630955879672737
1,0.7630955879672737
1,0.7630955879672737
1,0.7630955879672737
1,0.7630955879672737
1,0.7630955879672737
1,0.7630955879672737
1,0.7630955879672737
1,0.7630955879672737
1,0.7630955879672737
1,0.7630955879672737
1,0.7630955879672737
1,0.7630955879672737
1,0.7630955879672737
1,0.7630955879672737
1,0.7630955879672737
1,0.7630955879672737
1,0.7630955879672737
1,0.7630955879672737
1,0.7630955879672737
0,0.2981171797526123
0,0.3155835963413553
0,0.254719875116043
0,0.24928720371882
0,0.24928720371882
0,0.24928720371882
1,0.6239189947477499
1,0.6239890429925103
1,0.7630955879672737
1,0.7630955879672737
1,0.7630955879672737
1,0.7630955879672737
1,0.7630955879672737
1,0.7630955879672737
1,0.7630955879672737
0,0.2537190409823649
1,0.7630955879672737
1,0.7630955879672737
1,0.7630955879672737
1,0.7605568276094831
1,0.7605568276094831
0,0.24928720371882
0,0.2470049364462531
0,0.24928720371882
0,0.24928720371882
0,0.24928720371882
0,0.2629218639755459
0,0.3877466157537601
0,0.4056046941225908
0,0.4155125815152347
1,0.5808590441438966
1,0.6756882036139927
1,0.6756882036139927
1,0.7141488539865398
1,0.7141488539865398
1,0.7278303012858127
1,0.7630955879672737
0,0.24928720371882
0,0.24928720371882
0,0.24928720371882
0,0.24928720371882
0,0.24928720371882
0,0.26630929482187
1,0.7055272129035375
1,0.7605568276094831
1,0.7630955879672737
1,0.7630955879672737
0,0.2630735593902026
0,0.2839403291805114
0,0.24928720371882
0,0.24928720371882
0,0.24928720371882
0,0.24928720371882
0,0.24928720371882
0,0.24928720371882
0,0.24928720371882
0,0.24928720371882
0,0.24928720371882
0,0.24928720371882
0,0.24928720371882
0,0.24928720371882
0,0.24928720371882
0,0.24928720371882
0,0.24928720371882
0,0.24928720371882
0,0.24928720371882
0,0.24928720371882
1,0.6398740132868761
1,0.7630955879672737
1,0.7630955879672737
1,0.7630955879672737
1,0.7630955879672737
1,0.7630955879672737
1,0.7630955879672737
1,0.7630955879672737
1,0.7630955879672737
1,0.7630955879672737
1,0.7630955879672737
1,0.7630955879672737
1,0.7630955879672737
1,0.7630955879672737
1,0.7630955879672737
1,0.7630955879672737
1,0.7630955879672737
1,0.7630955879672737
1,0.7630955879672737
1,0.7630955879672737
1,0.7630955879672737
1,0.7630955879672737
1,0.7630955879672737
0,0.2629218639755459
0,0.2470049364462531
1,0.7630955879672737
1,0.7630955879672737
1,0.7630955879672737
1,0.7630955879672737
1,0.7630955879672737
1,0.7630955879672737
1,0.7630955879672737
1,0.5734726884813376
0,0.2470049364462531
0,0.3206462803569445
0,0.2887966848135022
0,0.3206462803569445
0,0.2724390294179968
1,0.7496310580406619
1,0.7496310580406619
0,0.3206462803569445
0,0.3206462803569445
0,0.3818938739944784
0,0.3206462803569445
0,0.24928720371882
0,0.24928720371882
1,0.760741120070466
1,0.7630955879672737
1,0.7630955879672737
1,0.7630955879672737
1,0.7630955879672737
1,0.7630955879672737
1,0.7630955879672737
1,0.7630955879672737
1,0.7630955879672737
1,0.7630955879672737
1,0.7630955879672737
1,0.7630955879672737
1,0.7630955879672737
1,0.7630955879672737
1,0.7630955879672737
1,0.7630955879672737
1,0.7630955879672737
1,0.7630955879672737
1,0.7630955879672737
1,0.7630955879672737
0,0.2470049364462531
1,0.7605568276094831
1,0.7605568276094831
1,0.5066674136169719
1,0.7630955879672737
1,0.7630955879672737
0,0.24928720371882
1,0.7630955879672737
1,0.7605568276094831
1,0.7630955879672737
1,0.7630955879672737
0,0.4746322901791484
0,0.2771770671963784
0,0.3206462803569445
1,0.5876296487841494
1,0.7278303012858127
1,0.7630955879672737
1,0.7630955879672737
1,0.7630955879672737
1,0.7630955879672737
1,0.7630955879672737
1,0.7630955879672737
1,0.7630955879672737
1,0.7630955879672737
1,0.7630955879672737
1,0.7630955879672737
1,0.7630955879672737
1,0.7630955879672737
1,0.7630955879672737
1,0.7630955879672737
1,0.7630955879672737
1,0.7630955879672737
1,0.7630955879672737
1,0.7630955879672737
1,0.7630955879672737
1,0.7630955879672737
1,0.7630955879672737
1,0.7630955879672737
1,0.7630955879672737
1,0.7630955879672737
1,0.7630955879672737
1,0.7630955879672737
1,0.7630955879672737
0,0.24928720371882
0,0.2470049364462531
1,0.7630955879672737
1,0.7278303012858127
1,0.7278303012858127
1,0.7630955879672737
1,0.7630955879672737
1,0.7630955879672737
1,0.7630955879672737
1,0.7630955879672737
0,0.3206462803569445
0,0.3206462803569445
1,0.760741120070466
1,0.760741120070466
1,0.760741120070466
1,0.7630955879672737
1,0.7630955879672737
1,0.7605568276094831
0,0.24928720371882
1,0.5603053268470898
0,0.3586977502248276
1,0.6756882036139927
1,0.7588023528507692
1,0.7630955879672737
0,0.2470049364462531
0,0.24928720371882
0,0.24928720371882
0,0.24928720371882
0,0.24928720371882
0,0.24928720371882
0,0.24928720371882
0,0.24928720371882
1,0.762621330821214
1,0.729708024165169
0,0.24928720371882
0,0.3581046917299814
0,0.4250689634103968
0,0.24928720371882
0,0.24928720371882
0,0.24928720371882
0,0.24928720371882
0,0.24928720371882
0,0.24928720371882
0,0.24928720371882
0,0.24928720371882
0,0.24928720371882
0,0.24928720371882
0,0.24928720371882
0,0.24928720371882
0,0.24928720371882
0,0.24928720371882
0,0.24928720371882
0,0.24928720371882
0,0.24928720371882
0,0.24928720371882
1,0.7017154636341556
1,0.6756882036139927
1,0.6756882036139927
0,0.3359052628492722
0,0.3586977502248276
0,0.24928720371882
0,0.24928720371882
0,0.24928720371882
0,0.24928720371882
0,0.24928720371882
0,0.24928720371882
0,0.24928720371882
0,0.2630735593902026
0,0.24928720371882
0,0.4439551190043491
0,0.4032111611912573
0,0.24928720371882
0,0.24928720371882
1,0.7605568276094831
1,0.7662254316286828
0,0.24928720371882
1,0.7630955879672737
0,0.2630735593902026
0,0.24928720371882
0,0.24928720371882
0,0.24928720371882
0,0.24928720371882
0,0.24928720371882
0,0.24928720371882
0,0.24928720371882
0,0.24928720371882
0,0.24928720371882
0,0.24928720371882
0,0.24928720371882
0,0.24928720371882
0,0.24928720371882
0,0.24928720371882
0,0.24928720371882
0,0.24928720371882
0,0.24928720371882
0,0.24928720371882
0,0.24928720371882
0,0.24928720371882
0,0.24928720371882
0,0.24928720371882
0,0.24928720371882
0,0.24928720371882
0,0.24928720371882
0,0.24928720371882
0,0.3348567194423335
1,0.6655459973089926
0,0.4265540049409198
0,0.24928720371882
0,0.24928720371882
0,0.24928720371882
0,0.24928720371882
0,0.24928720371882
0,0.24928720371882
0,0.24928720371882
0,0.4295957669245713
0,0.24928720371882
0,0.24928720371882
0,0.24928720371882
0,0.24928720371882
0,0.24928720371882
0,0.24928720371882
0,0.24928720371882
0,0.24928720371882
0,0.2629218639755459
0,0.24928720371882
0,0.24928720371882
0,0.24928720371882
0,0.2630735593902026
1,0.5997370665306032
1,0.5313397471890698
1,0.7620070052984426
0,0.24928720371882
0,0.24928720371882
0,0.24928720371882
0,0.24928720371882
0,0.2630735593902026
1,0.753992144191564
1,0.7630955879672737
1,0.7620070052984426
1,0.5635884024614759
1,0.7630955879672737
1,0.7630955879672737
1,0.7630955879672737
1,0.7630955879672737
1,0.7630955879672737
1,0.7630955879672737
1,0.7630955879672737
1,0.7605568276094831
0,0.4494617314733912
0,0.2470049364462531
1,0.7630955879672737
1,0.7630955879672737
1,0.7630955879672737
1,0.7630955879672737
1,0.7630955879672737
1,0.7630955879672737
1,0.7630955879672737
1,0.7630955879672737
0,0.2981171797526123
0,0.24928720371882
0,0.3206462803569445
1,0.7630955879672737
1,0.7630955879672737
1,0.7006414181919608
1,0.7605568276094831
0,0.3206462803569445
0,0.2470049364462531
1,0.7605568276094831
1,0.7605568276094831
1,0.7630955879672737
1,0.5133563186448344
0,0.4977752752524284
1,0.7630955879672737
1,0.7630955879672737
1,0.7630955879672737
1,0.7630955879672737
1,0.7630955879672737
1,0.7630955879672737
1,0.7630955879672737
1,0.7630955879672737
1,0.7630955879672737
1,0.7630955879672737
1,0.7630955879672737
1,0.7630955879672737
1,0.7630955879672737
1,0.7630955879672737
0,0.4732895216916641
0,0.2470049364462531
0,0.24928720371882
0,0.24928720371882
0,0.24928720371882
0,0.24928720371882
0,0.2630735593902026
0,0.24928720371882
0,0.24928720371882
0,0.24928720371882
0,0.24928720371882
0,0.24928720371882
0,0.24928720371882
0,0.24928720371882
0,0.24928720371882
0,0.24928720371882
0,0.24928720371882
0,0.24928720371882
0,0.24928720371882
0,0.24928720371882
0,0.24928720371882
0,0.2584269769770762
0,0.3726824197792424
0,0.3359052628492722
1,0.7630955879672737
1,0.6837740015393189
0,0.24928720371882
0,0.24928720371882
0,0.2584269769770762
0,0.24928720371882
0,0.24928720371882
0,0.24928720371882
0,0.24928720371882
0,0.24928720371882
0,0.24928720371882
0,0.2630735593902026
0,0.2630735593902026
1,0.5458013798248712
1,0.5876296487841494
0,0.24928720371882
0,0.24928720371882
0,0.2721249902727956
1,0.7539980299464294
0,0.2630735593902026
0,0.3786834300981063
0,0.3800381115778033
0,0.24928720371882
0,0.24928720371882
0,0.24928720371882
0,0.24928720371882
1,0.7179728908789619
1,0.75794655841355
1,0.7649266975111823
1,0.744990617788565
0,0.24928720371882
0,0.24928720371882
1,0.7179728908789619
1,0.7605568276094831
1,0.7630955879672737
0,0.2470049364462531
0,0.2537190409823649
0,0.2584269769770762
0,0.2630735593902026
1,0.744990617788565
1,0.744990617788565
1,0.7630955879672737
1,0.7496310580406619
1,0.7630955879672737
1,0.7630955879672737
1,0.7630955879672737
1,0.7630955879672737
1,0.7605568276094831
1,0.7630955879672737
1,0.7630955879672737
1,0.7630955879672737
1,0.7630955879672737
1,0.7630955879672737
1,0.7630955879672737
1,0.7630955879672737
1,0.7630955879672737
1,0.7630955879672737
1,0.7630955879672737
1,0.7630955879672737
1,0.7630955879672737
1,0.7630955879672737
1,0.7630955879672737
1,0.7630955879672737
1,0.7630955879672737
1,0.7630955879672737
1,0.7630955879672737
1,0.7630955879672737
1,0.5066674136169719
0,0.4732895216916641
0,0.2470049364462531
0,0.2756662817485548
0,0.2778631671315834
1,0.6398740132868761
0,0.24928720371882
0,0.24928720371882
0,0.24928720371882
0,0.24928720371882
0,0.24928720371882
0,0.24928720371882
0,0.24928720371882
0,0.24928720371882
0,0.24928720371882
0,0.3471180491972693
1,0.7605568276094831
1,0.7630955879672737
1,0.7605568276094831
0,0.2703533879397875
0,0.4915820743834461
1,0.5341416916018019
1,0.5876296487841494
1,0.7445042024763944
0,0.24928720371882
0,0.24928720371882
0,0.4572498036522819
0,0.2778631671315834
0,0.4263934271705754
0,0.2994263848537639
1,0.7445042024763944
1,0.6950971738644126
1,0.6558132341340598
0,0.4263934271705754
0,0.24928720371882
0,0.24928720371882
0,0.24928720371882
0,0.24928720371882
0,0.24928720371882
0,0.24928720371882
1,0.6950971738644126
1,0.6950971738644126
0,0.3044344940402502
0,0.24928720371882
0,0.2994263848537639
1,0.7605568276094831
0,0.3430353000460044
0,0.24928720371882
0,0.4604540692909961
0,0.392469596893467
0,0.24928720371882
0,0.24928720371882
0,0.24928720371882
0,0.24928720371882
0,0.24928720371882
0,0.24928720371882
0,0.24928720371882
0,0.24928720371882
0,0.24928720371882
0,0.24928720371882
0,0.24928720371882
0,0.24928720371882
0,0.24928720371882
0,0.24928720371882
0,0.24928720371882
0,0.24928720371882
0,0.24928720371882
0,0.24928720371882
0,0.24928720371882
0,0.24928720371882
0,0.24928720371882
0,0.24928720371882
0,0.24928720371882
0,0.24928720371882
0,0.24928720371882
0,0.24928720371882
0,0.24928720371882
0,0.24928720371882
0,0.24928720371882
0,0.24928720371882
0,0.24928720371882
0,0.24928720371882
0,0.24928720371882
0,0.24928720371882
0,0.24928720371882
0,0.24928720371882
0,0.24928720371882
0,0.24928720371882
0,0.24928720371882
0,0.2630735593902026
0,0.24928720371882
0,0.24928720371882
0,0.2839403291805114
0,0.4543975735521957
0,0.24928720371882
0,0.24928720371882
0,0.24928720371882
0,0.24928720371882
1,0.7318563765424861
1,0.7583182891350997
1,0.7649266975111823
1,0.5635884024614759
1,0.7605568276094831
1,0.7630955879672737
1,0.7630955879672737
1,0.7630955879672737
1,0.5248615612988011
1,0.7630955879672737
1,0.7630955879672737
1,0.7630955879672737
1,0.7605568276094831
1,0.7630955879672737
1,0.7630955879672737
1,0.7630955879672737
1,0.7630955879672737
1,0.7630955879672737
1,0.7630955879672737
1,0.7630955879672737
1,0.7630955879672737
1,0.7630955879672737
1,0.7630955879672737
1,0.7630955879672737
1,0.7630955879672737
0,0.2981171797526123
0,0.24928720371882
1,0.7630955879672737
1,0.7605568276094831
1,0.7605568276094831
0,0.3206462803569445
1,0.7630955879672737
1,0.7630955879672737
0,0.2724390294179968
0,0.2756662817485548
0,0.2470049364462531
0,0.2746441849681627
1,0.7630955879672737
1,0.5734726884813376
0,0.3079078385870591
0,0.3818938739944784
0,0.2630735593902026
0,0.4968182486231979
1,0.7630955879672737
0,0.3206462803569445
1,0.5277967672953556
1,0.7630955879672737
1,0.7630955879672737
1,0.7605568276094831
1,0.7055272129035375
0,0.2537190409823649
1,0.7605568276094831
1,0.7630955879672737
1,0.7630955879672737
1,0.7630955879672737
1,0.7630955879672737
1,0.7630955879672737
1,0.5009065717904492
1,0.7630955879672737
1,0.7630955879672737
1,0.7630955879672737
1,0.7630955879672737
1,0.7630955879672737
1,0.7630955879672737
1,0.7630955879672737
1,0.7630955879672737
1,0.7630955879672737
1,0.7630955879672737
1,0.7630955879672737
1,0.7630955879672737
0,0.24928720371882
0,0.24928720371882
1,0.5248615612988011
1,0.7605568276094831
1,0.7630955879672737
1,0.5009065717904492
1,0.5263202272752259
1,0.7620070052984426
1,0.7630955879672737
1,0.7630955879672737
1,0.7630955879672737
1,0.7630955879672737
1,0.7630955879672737
1,0.7630955879672737
1,0.7630955879672737
1,0.7630955879672737
1,0.7630955879672737
1,0.7620070052984426
1,0.7630955879672737
1,0.7630955879672737
1,0.7630955879672737
1,0.7630955879672737
1,0.7630955879672737
1,0.7630955879672737
1,0.7630955879672737
1,0.7630955879672737
1,0.7630955879672737
1,0.7630955879672737
1,0.7630955879672737
1,0.7630955879672737
1,0.7630955879672737
1,0.7630955879672737
1,0.7630955879672737
1,0.7630955879672737
1,0.7605568276094831
0,0.2470049364462531
0,0.2470049364462531
0,0.24928720371882
0,0.24928720371882
0,0.24928720371882
0,0.337061746046821
0,0.24928720371882
0,0.24928720371882
0,0.4029377841757937
1,0.6655459973089926
0,0.3019658186483199
1,0.6712205332945639
0,0.3348567194423335
1,0.6655459973089926
1,0.7605568276094831
1,0.7630955879672737
1,0.7630955879672737
1,0.7630955879672737
1,0.7662254316286828
1,0.7605568276094831
1,0.7662254316286828
1,0.762621330821214
1,0.7630955879672737
1,0.7630955879672737
1,0.7630955879672737
1,0.7630955879672737
1,0.7630955879672737
1,0.7630955879672737
1,0.7630955879672737
1,0.7630955879672737
1,0.5248615612988011
1,0.7630955879672737
0,0.2724390294179968
0,0.24928720371882
0,0.24928720371882
0,0.24928720371882
0,0.24928720371882
0,0.24928720371882
0,0.24928720371882
0,0.24928720371882
0,0.24928720371882
0,0.24928720371882
0,0.24928720371882
0,0.24928720371882
0,0.24928720371882
0,0.24928720371882
0,0.24928720371882
0,0.24928720371882
0,0.24928720371882
0,0.24928720371882
0,0.24928720371882
0,0.24928720371882
0,0.24928720371882
0,0.24928720371882
0,0.24928720371882
0,0.24928720371882
0,0.24928720371882
0,0.24928720371882
0,0.24928720371882
0,0.24928720371882
0,0.24928720371882
0,0.24928720371882
0,0.24928720371882
0,0.24928720371882
0,0.24928720371882
0,0.24928720371882
0,0.24928720371882
0,0.24928720371882
0,0.24928720371882
0,0.24928720371882
0,0.24928720371882
0,0.24928720371882
0,0.24928720371882
0,0.24928720371882
0,0.24928720371882
0,0.24928720371882
0,0.24928720371882
0,0.2629218639755459
1,0.7605568276094831
1,0.7605568276094831
0,0.2629218639755459
0,0.2629218639755459
0,0.3348567194423335
0,0.2629218639755459
0,0.24928720371882
0,0.2853180440802633
0,0.24928720371882
0,0.24928720371882
0,0.24928720371882
0,0.24928720371882
0,0.24928720371882
0,0.24928720371882
0,0.24928720371882
0,0.24928720371882
0,0.24928720371882
0,0.24928720371882
0,0.24928720371882
0,0.24928720371882
0,0.24928720371882
0,0.24928720371882
0,0.24928720371882
0,0.24928720371882
0,0.24928720371882
0,0.24928720371882
0,0.24928720371882
0,0.24928720371882
0,0.24928720371882
1,0.5028774666296152
1,0.55880447613608
0,0.24928720371882
1,0.55880447613608
1,0.55880447613608
1,0.760858943352653
1,0.7619673307368107
0,0.2470049364462531
1,0.762621330821214
1,0.7630955879672737
1,0.7630955879672737
1,0.7605568276094831
1,0.7630955879672737
1,0.7630955879672737
1,0.7630955879672737
1,0.7630955879672737
1,0.7630955879672737
1,0.7630955879672737
1,0.7630955879672737
1,0.7630955879672737
1,0.7630955879672737
1,0.7630955879672737
1,0.7630955879672737
1,0.7630955879672737
1,0.7630955879672737
1,0.7630955879672737
1,0.7630955879672737
1,0.7630955879672737
1,0.7630955879672737
1,0.7630955879672737
1,0.7630955879672737
1,0.7630955879672737
1,0.7630955879672737
1,0.7630955879672737
1,0.7630955879672737
1,0.7630955879672737
1,0.7630955879672737
1,0.7630955879672737
1,0.7630955879672737
1,0.7605568276094831
1,0.7605568276094831
0,0.2828667971551429
1,0.5248615612988011
1,0.7605568276094831
0,0.2629218639755459
0,0.24928720371882
0,0.24928720371882
0,0.24928720371882
0,0.24928720371882
0,0.24928720371882
0,0.24928720371882
0,0.24928720371882
0,0.24928720371882
0,0.24928720371882
0,0.24928720371882
0,0.24928720371882
0,0.24928720371882
0,0.24928720371882
0,0.24928720371882
0,0.24928720371882
0,0.24928720371882
0,0.24928720371882
0,0.24928720371882
0,0.24928720371882
0,0.24928720371882
0,0.24928720371882
0,0.24928720371882
0,0.24928720371882
0,0.24928720371882
0,0.24928720371882
0,0.24928720371882
0,0.24928720371882
0,0.24928720371882
0,0.24928720371882
0,0.24928720371882
0,0.24928720371882
0,0.24928720371882
0,0.24928720371882
0,0.24928720371882
1,0.5720440630910155
1,0.5720440630910155
1,0.7605568276094831
1,0.7630955879672737
1,0.6779105684116724
1,0.6750644057471167
1,0.762621330821214
1,0.7630955879672737
1,0.7630955879672737
1,0.7630955879672737
1,0.7630955879672737
1,0.7630955879672737
1,0.7630955879672737
1,0.7630955879672737
1,0.7630955879672737
1,0.7630955879672737
1,0.7630955879672737
1,0.7630955879672737
1,0.7630955879672737
1,0.7630955879672737
1,0.7630955879672737
1,0.7630955879672737
1,0.7630955879672737
1,0.7630955879672737
1,0.7630955879672737
1,0.7630955879672737
1,0.7630955879672737
1,0.7630955879672737
1,0.7630955879672737
1,0.7630955879672737
1,0.7630955879672737
1,0.7630955879672737
1,0.7630955879672737
0,0.4071776230062989
0,0.3079078385870591
1,0.7605568276094831
1,0.7630955879672737
1,0.5840717787496408
0,0.4588032253799144
0,0.3582473848777096
0,0.4588032253799144
1,0.760858943352653
1,0.7630955879672737
1,0.7630955879672737
1,0.7630955879672737
1,0.7630955879672737
1,0.7630955879672737
1,0.7630955879672737
1,0.7630955879672737
1,0.7630955879672737
1,0.7630955879672737
1,0.7630955879672737
1,0.7630955879672737
1,0.7630955879672737
1,0.7630955879672737
1,0.7630955879672737
1,0.7630955879672737
1,0.7630955879672737
1,0.7630955879672737
1,0.7630955879672737
1,0.7630955879672737
1,0.5133563186448344
0,0.24928720371882
0,0.24928720371882
1,0.7583182891350997
0,0.3866054233012992
0,0.24928720371882
0,0.24928720371882
0,0.24928720371882
0,0.375255559156327
0,0.24928720371882
1,0.760858943352653
1,0.7630955879672737
1,0.7630955879672737
1,0.7630955879672737
1,0.7630955879672737
1,0.7630955879672737
1,0.7630955879672737
1,0.7630955879672737
1,0.7630955879672737
1,0.7630955879672737
1,0.53423202505769
0,0.2756662817485548
0,0.24928720371882
0,0.24928720371882
0,0.24928720371882
0,0.24928720371882
0,0.24928720371882
0,0.24928720371882
0,0.24928720371882
0,0.24928720371882
1,0.7630955879672737
1,0.7605568276094831
0,0.2630735593902026
1,0.760858943352653
1,0.7630955879672737
1,0.7630955879672737
1,0.7630955879672737
1,0.7630955879672737
1,0.7630955879672737
1,0.7630955879672737
1,0.7630955879672737
1,0.7630955879672737
0,0.2470049364462531
0,0.2537190409823649
1,0.7630955879672737
1,0.7630955879672737
1,0.7630955879672737
1,0.7630955879672737
1,0.7166094964307054
1,0.7630955879672737
0,0.2581716754821322
0,0.24928720371882
0,0.24928720371882
1,0.7374436420453571
0,0.3348567194423335
0,0.2629218639755459
0,0.3582473848777096
0,0.3348567194423335
0,0.24928720371882
0,0.24928720371882
0,0.24928720371882
0,0.24928720371882
0,0.24928720371882
0,0.24928720371882
0,0.24928720371882
0,0.24928720371882
0,0.24928720371882
0,0.24928720371882
0,0.24928720371882
1,0.7484031892068618
0,0.24928720371882
0,0.24928720371882
0,0.2629218639755459
0,0.24928720371882
1,0.7484031892068618
1,0.760858943352653
1,0.7630955879672737
1,0.7630955879672737
1,0.7630955879672737
1,0.7630955879672737
1,0.7630955879672737
1,0.7630955879672737
1,0.7630955879672737
1,0.7630955879672737
1,0.7630955879672737
1,0.7630955879672737
1,0.7630955879672737
1,0.7630955879672737
1,0.7630955879672737
1,0.7630955879672737
1,0.7630955879672737
1,0.7630955879672737
1,0.7605568276094831
1,0.7630955879672737
0,0.4684951719875511
1,0.7605568276094831
1,0.7630955879672737
1,0.7630955879672737
0,0.2470049364462531
0,0.2470049364462531
0,0.24928720371882
1,0.7630955879672737
1,0.7630955879672737
0,0.24928720371882
0,0.24928720371882
0,0.24928720371882
0,0.4410745201733057
0,0.2835878294199284
1,0.7649266975111823
1,0.7630955879672737
1,0.5792016671918765
0,0.2470049364462531
0,0.2584269769770762
1,0.7649266975111823
1,0.7649266975111823
0,0.4543975735521957
1,0.7649266975111823
1,0.7630955879672737
0,0.2724390294179968
0,0.2470049364462531
0,0.2630735593902026
0,0.2630735593902026
1,0.5664996252859146
1,0.5664996252859146
1,0.7630955879672737
1,0.762621330821214
0,0.24928720371882
0,0.2835878294199284
1,0.7649266975111823
1,0.7630955879672737
1,0.7630955879672737
1,0.7630955879672737
1,0.7630955879672737
1,0.7630955879672737
1,0.7630955879672737
1,0.7630955879672737
1,0.7630955879672737
1,0.7630955879672737
1,0.7630955879672737
1,0.7630955879672737
0,0.2470049364462531
0,0.2844015504897631
1,0.7630955879672737
1,0.7630955879672737
1,0.7630955879672737
1,0.7630955879672737
1,0.7630955879672737
1,0.7630955879672737
1,0.7630955879672737
1,0.7630955879672737
1,0.7630955879672737
1,0.7630955879672737
1,0.7630955879672737
1,0.7630955879672737
1,0.7630955879672737
0,0.2629218639755459
0,0.24928720371882
0,0.24928720371882
1,0.7605568276094831
0,0.3348567194423335
0,0.3019658186483199
0,0.312722732010659
1,0.7620070052984426
1,0.725324133509939
0,0.24928720371882
0,0.2629218639755459
0,0.3348567194423335
0,0.24928720371882
0,0.24928720371882
0,0.24928720371882
0,0.24928720371882
0,0.24928720371882
1,0.6977911330898494
1,0.7605568276094831
1,0.7630955879672737
1,0.7630955879672737
1,0.5248615612988011
0,0.4379115707371867
1,0.7630955879672737
0,0.2629218639755459
0,0.24928720371882
0,0.24928720371882
0,0.24928720371882
0,0.3582473848777096
0,0.3348567194423335
0,0.3519283486240401
1,0.7484031892068618
1,0.7457744197385893
1,0.6968072054909498
1,0.762621330821214
1,0.7630955879672737
0,0.2470049364462531
0,0.2470049364462531
1,0.7605568276094831
1,0.7630955879672737
1,0.7630955879672737
1,0.7630955879672737
1,0.7630955879672737
1,0.7630955879672737
1,0.7630955879672737
1,0.7630955879672737
1,0.7630955879672737
1,0.7630955879672737
1,0.7630955879672737
1,0.7630955879672737
1,0.7630955879672737
1,0.7630955879672737
1,0.7630955879672737
1,0.7630955879672737
1,0.7630955879672737
1,0.7630955879672737
1,0.7630955879672737
1,0.7630955879672737
1,0.7630955879672737
1,0.7630955879672737
1,0.7630955879672737
1,0.7630955879672737
1,0.7630955879672737
1,0.7630955879672737
1,0.762621330821214
0,0.2470049364462531
0,0.2714608305426952
1,0.7630955879672737
1,0.7630955879672737
1,0.7630955879672737
1,0.7630955879672737
0,0.2835878294199284
0,0.2630735593902026
0,0.24928720371882
0,0.24928720371882
0,0.24928720371882
0,0.24928720371882
0,0.458885280764839
0,0.3348567194423335
1,0.6837740015393189
0,0.24928720371882
0,0.24928720371882
0,0.24928720371882
0,0.24928720371882
0,0.3348567194423335
0,0.2629218639755459
0,0.24928720371882
0,0.24928720371882
0,0.24928720371882
0,0.24928720371882
0,0.2630735593902026
1,0.5734590228889808
1,0.7630955879672737
1,0.7605568276094831
1,0.7630955879672737
0,0.24928720371882
0,0.3755916365471663
0,0.24928720371882
0,0.24928720371882
0,0.24928720371882
0,0.24928720371882
0,0.24928720371882
0,0.24928720371882
0,0.24928720371882
0,0.24928720371882
0,0.24928720371882
0,0.24928720371882
0,0.24928720371882
0,0.24928720371882
0,0.24928720371882
0,0.24928720371882
0,0.24928720371882
0,0.24928720371882
0,0.24928720371882
0,0.24928720371882
0,0.24928720371882
0,0.24928720371882
0,0.24928720371882
0,0.24928720371882
0,0.24928720371882
0,0.2630735593902026
0,0.24928720371882
0,0.24928720371882
0,0.24928720371882
0,0.24928720371882
1,0.7630955879672737
1,0.7630955879672737
1,0.7662254316286828
0,0.2470049364462531
1,0.7630955879672737
1,0.5840717787496408
1,0.7630955879672737
1,0.7630955879672737
1,0.7630955879672737
1,0.7630955879672737
1,0.7630955879672737
1,0.7630955879672737
1,0.5248615612988011
0,0.2756662817485548
0,0.2470049364462531
0,0.24928720371882
0,0.24928720371882
0,0.24928720371882
0,0.24928720371882
1,0.7662254316286828
1,0.7649266975111823
0,0.3786834300981063
0,0.2630735593902026
1,0.7630955879672737
1,0.5635884024614759
0,0.2844015504897631
0,0.24928720371882
0,0.24928720371882
1,0.7630955879672737
0,0.3206462803569445
1,0.5840717787496408
1,0.7605568276094831
1,0.7605568276094831
1,0.7630955879672737
1,0.7630955879672737
1,0.7630955879672737
1,0.7630955879672737
1,0.7630955879672737
1,0.7630955879672737
1,0.7630955879672737
1,0.7630955879672737
1,0.7630955879672737
1,0.7630955879672737
1,0.7630955879672737
1,0.7630955879672737
1,0.7630955879672737
1,0.7630955879672737
1,0.7630955879672737
1,0.7630955879672737
1,0.7630955879672737
1,0.7630955879672737
1,0.7630955879672737
1,0.7630955879672737
1,0.7630955879672737
1,0.7630955879672737
1,0.7630955879672737
1,0.7630955879672737
1,0.7630955879672737
1,0.7630955879672737
1,0.7630955879672737
1,0.7630955879672737
1,0.7630955879672737
1,0.7630955879672737
1,0.7630955879672737
1,0.7630955879672737
1,0.7630955879672737
1,0.7630955879672737
1,0.7630955879672737
1,0.7630955879672737
1,0.7630955879672737
1,0.7630955879672737
1,0.7630955879672737
1,0.7630955879672737
1,0.7630955879672737
1,0.760741120070466
0,0.2703533879397875
0,0.24928720371882
0,0.24928720371882
0,0.24928720371882
0,0.24928720371882
0,0.24928720371882
0,0.24928720371882
0,0.24928720371882
0,0.24928720371882
0,0.24928720371882
0,0.24928720371882
0,0.24928720371882
0,0.24928720371882
0,0.24928720371882
0,0.24928720371882
0,0.24928720371882
0,0.24928720371882
0,0.24928720371882
0,0.24928720371882
0,0.24928720371882
1,0.7299738703908997
1,0.6803517555468167
0,0.3919574317046309
1,0.6803517555468167
1,0.7630955879672737
1,0.7605568276094831
1,0.7605568276094831
1,0.7630955879672737
1,0.7630955879672737
0,0.2470049364462531
0,0.2852678232727116
0,0.2470049364462531
0,0.24928720371882
0,0.24928720371882
0,0.24928720371882
0,0.24928720371882
1,0.6564643427492228
0,0.4890547269074911
0,0.4263934271705754
0,0.24928720371882
0,0.439266866018026
0,0.24928720371882
0,0.24928720371882
0,0.24928720371882
0,0.24928720371882
0,0.24928720371882
0,0.24928720371882
0,0.24928720371882
0,0.24928720371882
0,0.24928720371882
0,0.24928720371882
0,0.24928720371882
0,0.24928720371882
0,0.24928720371882
0,0.24928720371882
0,0.24928720371882
0,0.24928720371882
0,0.24928720371882
0,0.24928720371882
0,0.24928720371882
0,0.24928720371882
0,0.24928720371882
1,0.7630955879672737
1,0.7224979803756587
1,0.7630955879672737
1,0.7630955879672737
1,0.7630955879672737
1,0.7630955879672737
1,0.7605568276094831
0,0.2537190409823649
0,0.4494617314733912
0,0.2756662817485548
0,0.24928720371882
0,0.24928720371882
0,0.24928720371882
0,0.24928720371882
0,0.24928720371882
0,0.24928720371882
0,0.24928720371882
0,0.24928720371882
0,0.24928720371882
0,0.24928720371882
0,0.24928720371882
0,0.3549946241445447
0,0.2629218639755459
0,0.24928720371882
0,0.2584269769770762
0,0.24928720371882
0,0.24928720371882
0,0.24928720371882
0,0.24928720371882
0,0.24928720371882
0,0.24928720371882
0,0.24928720371882
0,0.24928720371882
0,0.24928720371882
0,0.24928720371882
0,0.24928720371882
0,0.24928720371882
0,0.24928720371882
0,0.24928720371882
0,0.24928720371882
0,0.24928720371882
0,0.24928720371882
0,0.24928720371882
0,0.24928720371882
0,0.24928720371882
0,0.24928720371882
0,0.24928720371882
0,0.24928720371882
0,0.24928720371882
0,0.24928720371882
0,0.3786930625274331
0,0.24928720371882
0,0.24928720371882
0,0.24928720371882
0,0.24928720371882
0,0.24928720371882
0,0.24928720371882
0,0.24928720371882
0,0.24928720371882
0,0.24928720371882
1,0.7630955879672737
0,0.3866054233012992
1,0.7649266975111823
1,0.5481380074312872
1,0.5929633334096426
1,0.6375739783555648
1,0.5929633334096426
1,0.7662254316286828
1,0.7605568276094831
0,0.2470049364462531
1,0.5648679752514467
1,0.6725027780166295
1,0.5741067863634922
1,0.6725027780166295
0,0.2756662817485548
0,0.24928720371882
0,0.24928720371882
0,0.24928720371882
0,0.2630735593902026
0,0.2839403291805114
0,0.2839403291805114
0,0.24928720371882
0,0.24928720371882
0,0.24928720371882
0,0.24928720371882
0,0.24928720371882
0,0.24928720371882
0,0.24928720371882
0,0.24928720371882
0,0.24928720371882
0,0.2721249902727956
1,0.7630955879672737
1,0.7630955879672737
1,0.7605568276094831
1,0.7630955879672737
0,0.3584455354774228
1,0.5660269556673082
1,0.5985132754425059
1,0.7630955879672737
1,0.7278303012858127
0,0.2537190409823649
0,0.2630735593902026
0,0.24928720371882
0,0.24928720371882
0,0.24928720371882
0,0.24928720371882
0,0.2839403291805114
1,0.5862277789669026
1,0.7605568276094831
1,0.7649266975111823
1,0.7445042024763944
1,0.7445042024763944
1,0.5673494239789536
1,0.7496310580406619
1,0.7630955879672737
1,0.7630955879672737
1,0.7630955879672737
0,0.2537190409823649
0,0.2537190409823649
1,0.5423376883069935
1,0.7630955879672737
0,0.4791343171836686
1,0.5660269556673082
0,0.24928720371882
1,0.6074135596016391
0,0.24928720371882
